price	date	postcode
189950	2014-01-10 00:00	SW16 6AF
310000	2014-02-14 00:00	SW19 6JQ
295000	2014-02-21 00:00	SW9 8EN
520000	2014-02-07 00:00	SW20 9EF
895000	2014-01-31 00:00	SW16 3DW
380000	2014-01-24 00:00	SW19 7AG
295000	2014-02-06 00:00	SW17 8EE
426500	2014-02-19 00:00	SW17 8LL
950000	2014-01-24 00:00	SW19 4LJ
325000	2014-01-20 00:00	SW15 5FN
1800000	2014-03-10 00:00	SW8 2BW
362500	2014-01-03 00:00	SW18 2BW
455000	2014-02-17 00:00	SW16 3AA
615500	2014-01-17 00:00	SW1X 0DF
440500	2014-02-14 00:00	SW9 0RF
379950	2014-02-14 00:00	SW16 5NZ
385000	2014-01-24 00:00	SW15 6HY
277000	2014-02-28 00:00	SW16 4TA
315000	2014-03-10 00:00	SW20 8DQ
320000	2014-01-14 00:00	SW16 5DF
1350000	2014-01-29 00:00	SW15 1LP
460000	2014-01-28 00:00	SW5 9EB
818000	2014-02-27 00:00	SW18 1NL
575000	2014-01-23 00:00	SW11 6RH
499000	2014-02-17 00:00	SW8 3QN
247500	2014-02-07 00:00	SW15 1RN
499950	2014-01-17 00:00	SW15 6UE
635000	2014-01-03 00:00	SW5 9JT
284000	2014-02-17 00:00	SW11 3SN
250000	2014-02-21 00:00	SW18 5LY
907500	2014-03-07 00:00	SW18 5UJ
1558000	2014-02-28 00:00	SW11 6AJ
670000	2014-01-31 00:00	SW15 2JQ
785000	2014-02-28 00:00	SW15 1AH
425000	2014-03-04 00:00	SW18 2HH
590000	2014-02-27 00:00	SW11 5NS
1210000	2014-01-31 00:00	SW12 8HP
347000	2014-02-14 00:00	SW9 0RF
650000	2014-02-28 00:00	SW6 4RH
500000	2014-01-31 00:00	SW2 4XS
195000	2014-01-31 00:00	SW17 0PJ
408000	2014-01-03 00:00	SW19 2TA
250000	2014-01-31 00:00	SW16 2LA
315000	2014-01-24 00:00	SW16 1UP
615500	2014-01-30 00:00	SW19 8EP
270000	2014-01-31 00:00	SW15 3EF
855000	2014-01-24 00:00	SW18 1GN
464940	2014-01-30 00:00	SW15 5FN
1125000	2014-01-10 00:00	SW15 1LR
1240500	2014-01-31 00:00	SW5 9DA
240000	2014-01-17 00:00	SW18 5PZ
535000	2014-02-24 00:00	SW6 5RE
475000	2014-01-08 00:00	SW15 6LE
1355000	2014-01-15 00:00	SW6 7QN
2100000	2014-01-08 00:00	SW19 5AD
499950	2014-02-10 00:00	SW20 8HW
599950	2014-02-27 00:00	SW15 2AU
990000	2014-02-27 00:00	SW2 2PU
650000	2014-01-08 00:00	SW5 9DP
547000	2014-01-14 00:00	SW7 2PD
525000	2014-02-20 00:00	SW18 5PD
190000	2014-01-17 00:00	SW18 2HF
596000	2014-02-17 00:00	SW3 1QQ
557000	2014-02-14 00:00	SW18 3QX
157500	2014-01-24 00:00	SW8 4PL
1600000	2014-03-06 00:00	SW1V 3JU
765000	2014-01-06 00:00	SW6 2QY
117500	2014-01-23 00:00	SW17 0RG
330000	2014-01-22 00:00	SW19 6AG
585000	2014-01-10 00:00	SW19 6LJ
630000	2014-01-15 00:00	SW13 9LW
242000	2014-02-18 00:00	SW12 0AT
945000	2014-01-17 00:00	SW17 7RX
890000	2014-01-29 00:00	SW3 6BJ
1440000	2014-03-14 00:00	SW12 8RD
495000	2014-01-03 00:00	SW17 0DT
630000	2014-02-06 00:00	SW6 1LU
3250000	2014-01-17 00:00	SW6 3TA
285000	2014-01-10 00:00	SW16 5PE
950000	2014-03-24 00:00	SW1P 4AQ
1750000	2014-01-31 00:00	SW17 7QQ
90000	2014-02-13 00:00	SW3 2BZ
217000	2014-01-24 00:00	SW2 4TJ
325000	2014-03-14 00:00	SW19 6LE
615000	2014-03-10 00:00	SW1P 4DZ
319000	2014-01-23 00:00	SW17 9SR
588000	2014-03-07 00:00	SW1Y 4HA
650000	2014-01-31 00:00	SW18 2SU
650000	2014-03-14 00:00	SW19 8LW
210000	2014-03-06 00:00	SW16 3HL
748000	2014-01-24 00:00	SW4 7BF
305000	2014-03-07 00:00	SW19 8PZ
292000	2014-01-10 00:00	SW16 1LW
315000	2014-01-31 00:00	SW8 2AJ
1470000	2014-02-18 00:00	SW19 7JT
710000	2014-01-07 00:00	SW16 4LS
475000	2014-02-14 00:00	SW6 7SF
200000	2014-02-28 00:00	SW18 5HB
7600000	2014-03-11 00:00	SW1X 8DJ
675000	2014-01-17 00:00	SW11 3YS
420000	2014-02-21 00:00	SW15 5AU
238000	2014-01-10 00:00	SW19 4JB
450000	2014-02-14 00:00	SW4 7TU
580000	2014-01-02 00:00	SW6 1SZ
1000000	2014-02-28 00:00	SW6 3HE
381000	2014-03-05 00:00	SW9 0JD
490000	2014-01-08 00:00	SW18 1RP
200000	2014-01-15 00:00	SW17 9TR
1235000	2014-03-07 00:00	SW15 1JX
1150000	2014-02-12 00:00	SW18 5QT
1150000	2014-01-22 00:00	SW19 4TG
550000	2014-01-03 00:00	SW11 5SD
372000	2014-02-28 00:00	SW19 1EU
475000	2014-01-07 00:00	SW17 0QJ
439950	2014-01-15 00:00	SW16 5FP
904000	2014-01-29 00:00	SW19 8BH
625000	2014-01-30 00:00	SW20 9AU
1360000	2014-01-31 00:00	SW14 8JU
650000	2014-02-17 00:00	SW2 3NA
750000	2014-02-14 00:00	SW13 8NN
499500	2014-02-07 00:00	SW7 3AF
395000	2014-01-17 00:00	SW18 4FY
525000	2014-01-31 00:00	SW9 7HR
274950	2014-02-26 00:00	SW20 0BE
290000	2014-01-10 00:00	SW20 8RW
875000	2014-01-08 00:00	SW17 7QU
740000	2014-02-26 00:00	SW2 2AH
528000	2014-01-03 00:00	SW18 3QS
775000	2014-01-15 00:00	SW6 5SS
500000	2014-03-03 00:00	SW4 0NH
850000	2014-01-31 00:00	SW12 0HD
190000	2014-01-30 00:00	SW16 1AY
660000	2014-01-13 00:00	SW3 2PT
800000	2014-01-08 00:00	SW19 3JL
339450	2014-01-15 00:00	SW9 6AN
298500	2014-01-17 00:00	SW2 4JN
334950	2014-01-17 00:00	SW2 3TF
282500	2014-01-15 00:00	SW19 1XE
2300000	2014-02-07 00:00	SW13 0NT
360000	2014-02-06 00:00	SW2 4RH
525000	2014-03-18 00:00	SW1X 7BA
420000	2014-01-10 00:00	SW18 4PT
1475000	2014-01-29 00:00	SW1P 4DA
785000	2014-01-27 00:00	SW17 8DD
490000	2014-02-07 00:00	SW11 5TP
250000	2014-02-21 00:00	SW16 4EY
495000	2014-02-21 00:00	SW16 4RA
150000	2014-02-11 00:00	SW18 1HZ
1750000	2014-01-31 00:00	SW1V 3QP
375000	2014-02-04 00:00	SW16 6QH
1500000	2014-02-24 00:00	SW4 8QE
415000	2014-02-11 00:00	SW16 1JA
320000	2014-01-31 00:00	SW17 0ER
299950	2014-01-31 00:00	SW16 5HW
750000	2014-02-14 00:00	SW18 1LR
699950	2014-02-05 00:00	SW19 1HS
440000	2014-01-09 00:00	SW15 5QP
870000	2014-01-31 00:00	SW8 1NZ
420000	2014-02-25 00:00	SW15 1DR
560000	2014-02-14 00:00	SW20 9LS
306000	2014-01-24 00:00	SW8 2AG
615000	2014-02-28 00:00	SW8 3HH
305000	2014-01-31 00:00	SW8 1QU
572000	2014-03-07 00:00	SW6 2LT
250000	2014-01-28 00:00	SW15 5SA
305000	2014-02-21 00:00	SW2 4DD
791250	2014-03-03 00:00	SW11 1HF
675000	2014-02-03 00:00	SW11 5UX
595000	2014-01-15 00:00	SW20 8QQ
500000	2014-02-07 00:00	SW2 2DJ
351000	2014-02-24 00:00	SW18 1LS
1090000	2014-02-28 00:00	SW15 2HG
625000	2014-02-20 00:00	SW10 9BJ
255000	2014-01-29 00:00	SW9 6AN
1875000	2014-02-03 00:00	SW1X 9AG
975000	2014-01-07 00:00	SW6 7JY
813000	2014-01-24 00:00	SW12 9PW
322888	2014-02-14 00:00	SW3 3EW
1200000	2014-02-18 00:00	SW4 0EN
718500	2014-01-10 00:00	SW16 6RY
1725000	2014-03-17 00:00	SW11 6NE
525000	2014-03-04 00:00	SW6 6AG
3750000	2014-01-29 00:00	SW10 9NF
214000	2014-02-05 00:00	SW4 6RS
240000	2014-01-20 00:00	SW18 4SR
795100	2014-01-17 00:00	SW17 7LT
1720000	2014-01-17 00:00	SW17 8RR
267500	2014-02-03 00:00	SW16 5HE
670000	2014-02-28 00:00	SW15 6DZ
185000	2014-02-20 00:00	SW19 2UF
192000	2014-01-13 00:00	SW16 5PS
1200000	2014-01-17 00:00	SW7 5QX
640000	2014-03-07 00:00	SW6 1SN
517500	2014-02-28 00:00	SW17 9EG
381250	2014-03-03 00:00	SW4 6NF
320000	2014-01-24 00:00	SW9 0UP
3425000	2014-03-13 00:00	SW10 0JA
265000	2014-01-17 00:00	SW8 1DR
375000	2014-01-24 00:00	SW15 3SP
979000	2014-01-16 00:00	SW12 0DA
522500	2014-01-10 00:00	SW16 6PX
850000	2014-03-21 00:00	SW19 1PB
600000	2014-03-07 00:00	SW20 8PT
477953	2014-01-06 00:00	SW18 1NZ
183000	2014-02-14 00:00	SW8 4NJ
858000	2014-01-17 00:00	SW4 9NJ
1100000	2014-01-07 00:00	SW19 5BZ
331000	2014-01-17 00:00	SW15 6SX
352000	2014-03-10 00:00	SW19 6NN
710000	2014-01-02 00:00	SW8 4DA
1175000	2014-03-12 00:00	SW1W 0PB
705340	2014-02-20 00:00	SW16 3LA
462500	2014-01-27 00:00	SW17 0AG
475000	2014-03-07 00:00	SW2 2AT
494000	2014-01-07 00:00	SW19 2NE
775000	2014-03-17 00:00	SW11 1AD
385000	2014-02-14 00:00	SW9 0BZ
599950	2014-02-28 00:00	SW15 1QF
500000	2014-03-19 00:00	SW17 9ES
175000	2014-02-13 00:00	SW2 3RX
342500	2014-01-07 00:00	SW18 4FY
510000	2014-01-10 00:00	SW18 4UT
425000	2014-01-28 00:00	SW9 7BJ
1325000	2014-01-24 00:00	SW6 2NA
182500	2014-02-07 00:00	SW15 1RN
709109	2014-02-28 00:00	SW14 8PG
220000	2014-01-20 00:00	SW16 5SQ
450000	2014-01-03 00:00	SW6 1DU
387500	2014-02-21 00:00	SW17 9HN
445000	2014-01-29 00:00	SW20 8QA
668000	2014-01-31 00:00	SW8 3BG
495000	2014-02-19 00:00	SW15 5AW
1320000	2014-02-11 00:00	SW16 1QN
850000	2014-02-07 00:00	SW10 9QW
855000	2014-03-17 00:00	SW11 6JY
535000	2014-02-28 00:00	SW20 9JR
1130000	2014-02-04 00:00	SW18 1GN
4450000	2014-02-03 00:00	SW7 3BS
1175000	2014-03-07 00:00	SW6 2SJ
1250000	2014-01-31 00:00	SW1P 2NW
430000	2014-01-10 00:00	SW16 3SA
150000	2014-03-20 00:00	SW18 4RZ
245000	2014-01-31 00:00	SW20 8ED
310000	2014-01-15 00:00	SW9 6AN
570000	2014-02-12 00:00	SW6 3HA
250000	2014-01-24 00:00	SW6 2TF
980500	2014-01-21 00:00	SW19 8BH
425000	2014-01-17 00:00	SW18 5RP
600000	2014-03-12 00:00	SW18 4BA
699950	2014-01-29 00:00	SW12 8RR
999950	2014-02-03 00:00	SW14 7RJ
1985000	2014-03-14 00:00	SW1W 9DF
342000	2014-01-20 00:00	SW16 6AF
301500	2014-02-26 00:00	SW11 3HB
647000	2014-02-07 00:00	SW11 6HG
538000	2014-01-24 00:00	SW11 1SN
3000000	2014-03-07 00:00	SW18 1TA
520000	2014-01-17 00:00	SW14 8LP
315000	2014-01-17 00:00	SW2 3AX
3700000	2014-03-19 00:00	SW19 4HQ
351000	2014-02-24 00:00	SW4 6LJ
875000	2014-03-10 00:00	SW19 3TQ
530000	2014-02-25 00:00	SW15 3LL
385000	2014-01-17 00:00	SW2 5HL
325000	2014-02-21 00:00	SW16 5TS
299960	2014-01-16 00:00	SW16 1LL
996330	2014-01-31 00:00	SW16 3EP
1230000	2014-02-28 00:00	SW12 9LE
220000	2014-01-10 00:00	SW16 6DU
600000	2014-02-18 00:00	SW2 2BT
350000	2014-01-13 00:00	SW9 9DA
535000	2014-02-14 00:00	SW2 5QE
1676001	2014-01-29 00:00	SW11 6DU
335000	2014-01-06 00:00	SW8 2RT
2386282	2014-02-28 00:00	SW1X 9JX
560000	2014-01-22 00:00	SW15 1EW
233000	2014-02-21 00:00	SW19 1TX
283500	2014-01-16 00:00	SW9 6AN
3010000	2014-02-28 00:00	SW7 1EF
669950	2014-02-28 00:00	SW15 6AD
600000	2014-01-17 00:00	SW4 9EQ
263000	2014-02-18 00:00	SW16 2EX
357500	2014-03-11 00:00	SW11 3GY
540000	2014-01-31 00:00	SW16 3ND
2250000	2014-02-10 00:00	SW1V 4RR
485600	2014-02-17 00:00	SW2 5JY
6500000	2014-02-28 00:00	SW1X 0DA
485000	2014-02-14 00:00	SW2 1AX
600000	2014-01-23 00:00	SW11 3BT
195000	2014-01-10 00:00	SW14 7LS
1125000	2014-01-24 00:00	SW6 3SH
396000	2014-01-10 00:00	SW6 6BH
1395000	2014-01-27 00:00	SW20 0HQ
275000	2014-03-04 00:00	SW15 6JU
305000	2014-01-10 00:00	SW15 3PF
365050	2014-01-10 00:00	SW19 1EZ
450000	2014-01-15 00:00	SW9 0BG
416250	2014-02-20 00:00	SW18 1TA
819513	2014-01-24 00:00	SW15 5FP
675000	2014-03-13 00:00	SW14 7EB
215000	2014-01-03 00:00	SW16 1TW
295000	2014-02-14 00:00	SW16 2ET
225000	2014-01-17 00:00	SW20 0UE
550000	2014-03-18 00:00	SW11 4HA
182500	2014-01-03 00:00	SW17 9JY
1667500	2014-01-23 00:00	SW15 6AE
1450000	2014-01-24 00:00	SW11 3DR
487000	2014-01-27 00:00	SW17 0UH
565000	2014-01-07 00:00	SW19 3EN
690000	2014-01-17 00:00	SW1V 3QP
385000	2014-01-14 00:00	SW6 7TR
585000	2014-02-10 00:00	SW5 9JF
578000	2014-01-10 00:00	SW5 9PE
255000	2014-01-28 00:00	SW19 6LE
330000	2014-01-14 00:00	SW14 8SH
646000	2014-01-14 00:00	SW1P 3DW
865000	2014-01-31 00:00	SW19 5DN
380000	2014-01-09 00:00	SW16 3NG
535500	2014-02-21 00:00	SW12 0NA
635000	2014-02-28 00:00	SW19 2JA
1261000	2014-01-03 00:00	SW11 5PT
665000	2014-02-05 00:00	SW6 5AS
250000	2014-01-28 00:00	SW16 6BG
195000	2014-01-27 00:00	SW2 4TS
600000	2014-02-18 00:00	SW11 4EG
403750	2014-02-28 00:00	SW17 8BN
2649000	2014-03-21 00:00	SW12 8TQ
305000	2014-01-17 00:00	SW2 3NH
406000	2014-01-15 00:00	SW11 4PA
390000	2014-02-13 00:00	SW19 2DH
549950	2014-01-10 00:00	SW20 8EQ
1650000	2014-01-31 00:00	SW11 4BW
540000	2014-02-17 00:00	SW2 5BB
332000	2014-02-14 00:00	SW2 2TZ
665000	2014-02-05 00:00	SW1V 4EU
235000	2014-02-04 00:00	SW20 0UN
625000	2014-01-14 00:00	SW19 7BE
295000	2014-02-14 00:00	SW11 3AN
460000	2014-02-04 00:00	SW17 8NH
1150000	2014-01-10 00:00	SW19 7HN
420000	2014-01-31 00:00	SW19 2HB
975000	2014-02-25 00:00	SW5 0LD
675000	2014-02-07 00:00	SW15 2UL
805000	2014-01-16 00:00	SW15 3SH
4670000	2014-03-21 00:00	SW7 5AS
316000	2014-01-22 00:00	SW16 6DQ
475000	2014-03-11 00:00	SW17 8NH
277000	2014-01-31 00:00	SW20 9ER
460000	2014-01-10 00:00	SW20 8PP
373221	2014-01-22 00:00	SW16 6AN
750000	2014-03-17 00:00	SW7 5NU
1175000	2014-01-31 00:00	SW15 6QF
745000	2014-03-21 00:00	SW19 4BG
322500	2014-02-11 00:00	SW19 4HU
315000	2014-01-20 00:00	SW9 7BP
981551	2014-03-14 00:00	SW12 8BG
450000	2014-02-12 00:00	SW12 0JB
950000	2014-01-08 00:00	SW5 9DP
960500	2014-01-31 00:00	SW6 6RE
1200000	2014-01-10 00:00	SW19 3QY
425000	2014-01-10 00:00	SW8 2FG
250000	2014-02-07 00:00	SW19 2EJ
370000	2014-02-11 00:00	SW19 8DX
645000	2014-01-09 00:00	SW18 1AS
230000	2014-03-17 00:00	SW9 9DX
375000	2014-03-05 00:00	SW18 2AR
1377500	2014-01-31 00:00	SW19 8AU
5900000	2014-02-28 00:00	SW1X 7AX
399950	2014-02-17 00:00	SW15 3HF
950000	2014-03-07 00:00	SW6 6NW
630000	2014-01-10 00:00	SW18 1RE
1150000	2014-02-21 00:00	SW11 6NR
840000	2014-02-28 00:00	SW20 8TR
750000	2014-02-28 00:00	SW20 8TS
475000	2014-01-10 00:00	SW18 2NS
925000	2014-01-24 00:00	SW18 1GN
345000	2014-01-24 00:00	SW18 3SA
790000	2014-03-14 00:00	SW14 8HA
565000	2014-01-31 00:00	SW3 3EQ
770000	2014-03-14 00:00	SW14 7HS
196500	2014-02-17 00:00	SW17 7JH
585000	2014-01-10 00:00	SW4 7LD
5000000	2014-02-12 00:00	SW1W 8DQ
450000	2014-01-31 00:00	SW2 4QH
850000	2014-02-07 00:00	SW3 5RT
4100000	2014-01-15 00:00	SW3 4BP
499950	2014-02-07 00:00	SW12 9PA
702000	2014-02-21 00:00	SW4 9LA
620000	2014-03-05 00:00	SW16 3DA
205000	2014-01-23 00:00	SW11 5HH
575000	2014-02-12 00:00	SW16 3NZ
470000	2014-01-31 00:00	SW8 2ES
565000	2014-01-31 00:00	SW12 9HG
265000	2014-02-07 00:00	SW16 6HD
2380000	2014-03-06 00:00	SW18 3RR
360000	2014-02-17 00:00	SW6 4HS
275000	2014-01-24 00:00	SW2 4LH
499999	2014-03-06 00:00	SW6 7EQ
425000	2014-01-29 00:00	SW12 8BW
649950	2014-01-17 00:00	SW4 9NJ
675000	2014-02-03 00:00	SW18 4RP
285000	2014-02-14 00:00	SW18 5EJ
491000	2014-01-09 00:00	SW2 2EB
3430000	2014-02-07 00:00	SW1X 9JJ
630000	2014-01-31 00:00	SW2 5LB
350000	2014-01-10 00:00	SW16 4UB
375000	2014-02-19 00:00	SW11 3RJ
1841220	2014-03-06 00:00	SW3 5LN
335000	2014-03-14 00:00	SW19 7JZ
335000	2014-01-27 00:00	SW16 2AQ
400000	2014-02-06 00:00	SW19 5PP
980000	2014-01-15 00:00	SW6 2JZ
2500000	2014-01-10 00:00	SW6 6EY
678165	2014-02-14 00:00	SW6 5BL
465300	2014-03-07 00:00	SW6 7DW
999000	2014-01-31 00:00	SW13 0PS
615000	2014-01-24 00:00	SW19 1HU
767000	2014-02-28 00:00	SW14 8PU
1550000	2014-02-28 00:00	SW1V 4AH
537500	2014-03-07 00:00	SW12 0DD
399950	2014-01-23 00:00	SW19 4JJ
875000	2014-01-31 00:00	SW17 0AP
676000	2014-01-17 00:00	SW19 8HF
350000	2014-01-17 00:00	SW8 1JP
770000	2014-03-26 00:00	SW19 3AB
1230000	2014-01-07 00:00	SW10 9HZ
235000	2014-02-26 00:00	SW15 4LY
1120000	2014-01-07 00:00	SW6 4SB
875000	2014-02-03 00:00	SW5 9TU
325000	2014-02-19 00:00	SW18 2SP
321000	2014-01-07 00:00	SW20 0AL
487000	2014-02-03 00:00	SW18 2DP
155000	2014-03-14 00:00	SW16 4SF
425000	2014-01-17 00:00	SW1V 3EX
645000	2014-01-07 00:00	SW8 3PF
5600000	2014-03-28 00:00	SW3 2RW
975000	2014-03-13 00:00	SW10 0UG
725000	2014-02-14 00:00	SW10 0ND
885000	2014-02-28 00:00	SW11 3RA
999000	2014-02-28 00:00	SW18 2HW
250000	2014-01-31 00:00	SW16 5JZ
250000	2014-01-03 00:00	SW11 2LD
460000	2014-02-28 00:00	SW16 1UN
950000	2014-02-07 00:00	SW11 4HP
655000	2014-03-07 00:00	SW2 4EL
456000	2014-01-03 00:00	SW9 0BG
440000	2014-02-28 00:00	SW16 5AD
750000	2014-01-13 00:00	SW20 8RD
1340000	2014-01-15 00:00	SW13 9JG
269950	2014-02-10 00:00	SW4 8BQ
935000	2014-02-28 00:00	SW6 3ND
685000	2014-02-11 00:00	SW19 8QD
1330000	2014-02-28 00:00	SW5 9PE
971000	2014-02-12 00:00	SW18 5BZ
318000	2014-02-25 00:00	SW16 4HL
622500	2014-01-03 00:00	SW10 9AS
245000	2014-01-31 00:00	SW16 1SQ
575000	2014-03-14 00:00	SW19 3PT
650000	2014-01-06 00:00	SW4 7LD
265000	2014-01-28 00:00	SW18 5JA
687100	2014-02-07 00:00	SW13 9AL
731333	2014-01-24 00:00	SW11 4DG
655000	2014-01-10 00:00	SW20 8DX
350000	2014-01-17 00:00	SW2 5TD
840000	2014-02-14 00:00	SW19 1JF
277000	2014-01-10 00:00	SW19 8AQ
635600	2014-02-18 00:00	SW11 1HX
499950	2014-01-31 00:00	SW2 2BS
979950	2014-02-10 00:00	SW9 0BH
390000	2014-02-10 00:00	SW16 4PJ
550000	2014-01-31 00:00	SW4 7PT
240000	2014-02-14 00:00	SW18 4DH
227000	2014-01-10 00:00	SW16 5JZ
1290000	2014-02-17 00:00	SW6 3SF
4100000	2014-01-17 00:00	SW3 3NX
1915000	2014-03-05 00:00	SW11 4DU
225000	2014-01-31 00:00	SW2 3LT
1900000	2014-02-07 00:00	SW11 6HX
1000000	2014-01-30 00:00	SW11 1PE
1300000	2014-02-28 00:00	SW3 3BQ
510000	2014-02-07 00:00	SW17 7JD
623000	2014-01-14 00:00	SW11 1XQ
625000	2014-02-21 00:00	SW10 9AH
1825000	2014-02-27 00:00	SW5 9BY
2692500	2014-01-06 00:00	SW11 4EN
588600	2014-01-10 00:00	SW4 9HZ
3450000	2014-01-17 00:00	SW15 6AL
220000	2014-01-10 00:00	SW17 9NX
560000	2014-01-24 00:00	SW6 4AR
895000	2014-01-31 00:00	SW6 6RH
1760000	2014-01-07 00:00	SW20 8HN
570000	2014-01-15 00:00	SW7 4XD
697500	2014-02-18 00:00	SW19 3PW
415000	2014-01-10 00:00	SW11 5PR
770000	2014-01-23 00:00	SW19 5JA
560000	2014-01-17 00:00	SW11 6JX
530000	2014-02-18 00:00	SW6 4SN
295000	2014-01-03 00:00	SW15 5NF
1749000	2014-01-10 00:00	SW15 5RQ
190500	2014-01-31 00:00	SW17 7UH
500000	2014-03-17 00:00	SW11 4SD
520000	2014-02-05 00:00	SW18 2AS
540000	2014-02-13 00:00	SW18 1BA
590000	2014-01-31 00:00	SW17 8PT
440000	2014-02-07 00:00	SW15 3LS
245000	2014-03-12 00:00	SW17 0HR
300000	2014-01-16 00:00	SW16 1PS
525000	2014-03-06 00:00	SW16 5GA
1240000	2014-01-20 00:00	SW10 9JY
1980000	2014-03-14 00:00	SW17 7DZ
481000	2014-02-20 00:00	SW18 5BN
315000	2014-02-28 00:00	SW20 8DQ
316000	2014-01-20 00:00	SW16 3EZ
535000	2014-03-07 00:00	SW17 0JS
480000	2014-01-07 00:00	SW14 8QE
4300000	2014-02-24 00:00	SW1W 9EP
1950000	2014-03-10 00:00	SW6 2HT
425000	2014-01-13 00:00	SW18 2SY
915000	2014-03-13 00:00	SW19 1QS
281000	2014-02-06 00:00	SW20 8JU
144000	2014-01-03 00:00	SW4 8HX
1096000	2014-03-03 00:00	SW11 5LJ
241000	2014-03-03 00:00	SW16 3HE
317500	2014-01-10 00:00	SW19 2AN
538000	2014-01-23 00:00	SW8 2AU
320000	2014-02-14 00:00	SW1V 4JZ
385000	2014-02-13 00:00	SW2 1QZ
810000	2014-02-14 00:00	SW15 3JG
295000	2014-03-07 00:00	SW9 8LF
750000	2014-01-08 00:00	SW11 5XG
883000	2014-01-03 00:00	SW18 1GN
500000	2014-03-05 00:00	SW16 3LY
810000	2014-02-28 00:00	SW17 7SW
1500000	2014-02-25 00:00	SW10 9BG
3300000	2014-02-26 00:00	SW8 2BW
500000	2014-02-14 00:00	SW8 1BS
395000	2014-02-13 00:00	SW7 3QD
249999	2014-02-05 00:00	SW17 9NY
701001	2014-01-07 00:00	SW18 2RS
225000	2014-03-17 00:00	SW19 6JL
250000	2014-01-24 00:00	SW17 8LE
270000	2014-02-20 00:00	SW12 8AH
1811200	2014-02-14 00:00	SW5 9TT
380000	2014-01-22 00:00	SW18 4FY
495000	2014-03-03 00:00	SW12 8RX
266750	2014-01-15 00:00	SW9 6AN
2210000	2014-03-24 00:00	SW10 9UG
265000	2014-03-07 00:00	SW17 9JB
595000	2014-02-18 00:00	SW16 3AE
1400000	2014-02-28 00:00	SW1V 1JB
1100000	2014-01-20 00:00	SW6 3ET
380000	2014-02-03 00:00	SW11 5JN
675000	2014-02-14 00:00	SW15 2EZ
425000	2014-03-26 00:00	SW2 5JT
644000	2014-02-03 00:00	SW19 8EL
2900000	2014-02-11 00:00	SW10 9RY
815000	2014-02-14 00:00	SW6 1AY
1350000	2014-02-07 00:00	SW11 4LP
468000	2014-02-03 00:00	SW20 9HG
1265000	2014-02-10 00:00	SW19 7DS
530000	2014-02-07 00:00	SW9 7JG
595000	2014-02-13 00:00	SW20 9HA
277000	2014-01-21 00:00	SW17 0EQ
815000	2014-02-06 00:00	SW18 5NY
1102500	2014-01-31 00:00	SW13 0PT
458000	2014-02-04 00:00	SW16 6DX
395000	2014-02-14 00:00	SW18 3HZ
1485000	2014-03-28 00:00	SW4 8QU
1025000	2014-01-30 00:00	SW3 5RX
3900000	2014-02-14 00:00	SW1W 0JP
650000	2014-02-19 00:00	SW2 5BL
287500	2014-01-15 00:00	SW9 6AN
2300000	2014-01-27 00:00	SW1P 1QD
565000	2014-01-23 00:00	SW3 3TS
345000	2014-02-21 00:00	SW16 2JJ
295000	2014-03-21 00:00	SW20 8DQ
227438	2014-01-10 00:00	SW2 3EG
465000	2014-02-06 00:00	SW20 9LX
480000	2014-01-23 00:00	SW16 5LY
1500000	2014-03-10 00:00	SW2 1BZ
996000	2014-01-09 00:00	SW16 1UP
450000	2014-02-21 00:00	SW16 1NL
2300000	2014-01-21 00:00	SW20 0RX
345000	2014-01-30 00:00	SW13 0PJ
527000	2014-01-31 00:00	SW15 1LQ
120000	2014-01-10 00:00	SW6 4HF
382860	2014-01-24 00:00	SW9 9RQ
591000	2014-01-27 00:00	SW18 5PW
229000	2014-02-28 00:00	SW15 3AE
210000	2014-03-17 00:00	SW16 2EL
520000	2014-03-21 00:00	SW2 5JA
1385000	2014-01-17 00:00	SW12 8LE
622500	2014-03-04 00:00	SW6 2SE
605500	2014-01-24 00:00	SW18 4DF
375000	2014-01-10 00:00	SW17 9RX
10850323	2014-02-05 00:00	SW1X 9JJ
1147500	2014-02-26 00:00	SW19 8QS
731000	2014-03-14 00:00	SW10 9JX
440000	2014-01-15 00:00	SW5 9LA
500000	2014-01-31 00:00	SW12 9PT
4200000	2014-02-14 00:00	SW4 0QP
487784	2014-01-29 00:00	SW6 2BF
877051	2014-01-31 00:00	SW1V 4DA
925000	2014-02-07 00:00	SW6 2UT
465000	2014-03-18 00:00	SW17 8HJ
975000	2014-02-04 00:00	SW10 9DH
550000	2014-02-14 00:00	SW20 0PR
573000	2014-01-31 00:00	SW4 8EB
450000	2014-01-20 00:00	SW16 2PJ
625000	2014-01-10 00:00	SW16 1NJ
3100000	2014-01-08 00:00	SW1V 2NS
180000	2014-01-07 00:00	SW16 2LW
333000	2014-02-14 00:00	SW15 3ST
535000	2014-02-21 00:00	SW2 2LJ
355000	2014-02-28 00:00	SW20 0UD
540000	2014-01-03 00:00	SW18 1GN
600000	2014-01-20 00:00	SW9 7ND
375000	2014-03-03 00:00	SW14 7HL
665000	2014-01-17 00:00	SW6 1JD
590000	2014-01-17 00:00	SW6 4HH
595000	2014-03-07 00:00	SW6 7UR
1050000	2014-03-13 00:00	SW1P 2NW
1700000	2014-02-14 00:00	SW6 7BJ
831000	2014-02-07 00:00	SW10 0UG
280000	2014-01-06 00:00	SW19 5NW
615000	2014-01-22 00:00	SW5 9DG
315000	2014-02-20 00:00	SW19 6JY
443000	2014-03-27 00:00	SW12 9LE
1200000	2014-02-21 00:00	SW10 9PB
925000	2014-01-31 00:00	SW11 3LX
495000	2014-03-06 00:00	SW1V 3ER
499999	2014-01-29 00:00	SW14 7NF
288000	2014-02-10 00:00	SW20 8LS
543000	2014-02-20 00:00	SW10 0LA
2000000	2014-03-05 00:00	SW5 0HL
2600000	2014-02-14 00:00	SW11 6JS
1125000	2014-01-17 00:00	SW14 7PZ
1750000	2014-02-11 00:00	SW6 4QG
275000	2014-03-07 00:00	SW2 4RJ
4050000	2014-01-07 00:00	SW14 8BJ
440000	2014-01-30 00:00	SW16 5EG
399950	2014-02-04 00:00	SW17 9HL
630000	2014-01-31 00:00	SW15 5EH
380000	2014-03-14 00:00	SW13 0NS
540000	2014-01-24 00:00	SW17 8HR
197500	2014-02-03 00:00	SW16 2QN
550000	2014-01-07 00:00	SW15 2EQ
280112	2014-03-07 00:00	SW2 1PG
4800000	2014-01-31 00:00	SW1W 9EQ
245600	2014-02-21 00:00	SW15 6BB
1500000	2014-02-13 00:00	SW18 3NH
375868	2014-01-20 00:00	SW9 6AN
667500	2014-03-28 00:00	SW17 0AB
499500	2014-02-17 00:00	SW20 8BS
230000	2014-03-11 00:00	SW19 2EJ
290000	2014-02-14 00:00	SW18 2BE
1218000	2014-02-24 00:00	SW12 0DW
217500	2014-01-23 00:00	SW6 7SA
620100	2014-01-08 00:00	SW8 5BY
1050000	2014-01-31 00:00	SW4 6LT
320000	2014-02-14 00:00	SW19 2UJ
410000	2014-02-06 00:00	SW4 9DG
365000	2014-01-31 00:00	SW16 4NB
519040	2014-02-07 00:00	SW11 6SW
984950	2014-03-14 00:00	SW1E 5BJ
190000	2014-02-21 00:00	SW15 4BX
431000	2014-02-10 00:00	SW4 6DN
380000	2014-02-14 00:00	SW15 3EL
295000	2014-01-23 00:00	SW16 2JG
440000	2014-01-06 00:00	SW8 4NL
325000	2014-01-31 00:00	SW17 8UA
212500	2014-01-08 00:00	SW17 9DH
450000	2014-02-19 00:00	SW9 6ES
498000	2014-02-26 00:00	SW13 9DH
355000	2014-02-10 00:00	SW16 2JP
750000	2014-02-07 00:00	SW11 5TR
395000	2014-03-10 00:00	SW6 5TB
250000	2014-02-07 00:00	SW16 5PL
870000	2014-02-04 00:00	SW11 4NL
1100000	2014-02-03 00:00	SW11 6DR
1300000	2014-02-14 00:00	SW10 9HE
401001	2014-01-31 00:00	SW2 5TD
495000	2014-01-27 00:00	SW11 3RY
500000	2014-02-24 00:00	SW2 5JX
745000	2014-02-04 00:00	SW6 6RE
402000	2014-02-28 00:00	SW19 6PT
425000	2014-01-31 00:00	SW17 0JD
630000	2014-01-29 00:00	SW8 4UU
1100000	2014-01-30 00:00	SW14 7AL
400000	2014-01-06 00:00	SW4 7RH
340000	2014-01-10 00:00	SW2 5EF
499950	2014-02-05 00:00	SW19 5NP
470000	2014-02-14 00:00	SW2 5LX
1750000	2014-01-29 00:00	SW19 8RB
499999	2014-01-08 00:00	SW18 4AY
747500	2014-02-21 00:00	SW9 9QG
620000	2014-02-27 00:00	SW16 3RT
480000	2014-01-14 00:00	SW18 2NF
531500	2014-01-20 00:00	SW2 5JT
800000	2014-01-31 00:00	SW11 3GY
660000	2014-03-21 00:00	SW1V 2HX
409000	2014-01-10 00:00	SW4 9SW
331500	2014-02-25 00:00	SW16 1JA
285000	2014-01-31 00:00	SW15 5QY
560000	2014-03-07 00:00	SW6 7JJ
486000	2014-02-07 00:00	SW2 5UP
1100000	2014-02-25 00:00	SW8 2JE
710000	2014-01-27 00:00	SW3 5RY
170000	2014-01-31 00:00	SW17 0SG
1135000	2014-02-10 00:00	SW18 5DW
395000	2014-02-14 00:00	SW19 1TX
208000	2014-03-14 00:00	SW16 4EB
1250000	2014-01-10 00:00	SW5 9TQ
760000	2014-01-17 00:00	SW6 6TF
512000	2014-03-14 00:00	SW6 5TA
550000	2014-02-28 00:00	SW9 9AL
607500	2014-02-14 00:00	SW10 9AX
500000	2014-01-17 00:00	SW18 4AT
250000	2014-01-06 00:00	SW9 0AG
621000	2014-01-08 00:00	SW17 8AA
500000	2014-01-17 00:00	SW18 4FY
430000	2014-01-24 00:00	SW19 4LL
710000	2014-01-31 00:00	SW19 3JE
510000	2014-03-05 00:00	SW17 8DN
607500	2014-03-14 00:00	SW20 8JG
523852	2014-01-31 00:00	SW15 3SG
3850000	2014-02-03 00:00	SW7 1HJ
368000	2014-03-14 00:00	SW16 6DG
1660000	2014-02-19 00:00	SW15 5FD
537000	2014-02-14 00:00	SW5 9PD
310100	2014-01-03 00:00	SW18 2QG
720000	2014-02-04 00:00	SW16 2HS
247000	2014-01-07 00:00	SW15 3ED
1730000	2014-02-14 00:00	SW16 1QL
560000	2014-03-05 00:00	SW1V 3QN
1385000	2014-02-26 00:00	SW1P 1PD
850000	2014-02-18 00:00	SW17 7PL
262500	2014-02-14 00:00	SW20 0JG
400000	2014-01-10 00:00	SW18 4BB
475000	2014-01-31 00:00	SW1V 3AF
1935000	2014-03-21 00:00	SW14 8RL
580000	2014-02-18 00:00	SW5 0DE
555000	2014-01-17 00:00	SW2 5LA
2175000	2014-03-14 00:00	SW3 3BX
589950	2014-01-24 00:00	SW17 9QS
600000	2014-01-31 00:00	SW13 0QB
2575000	2014-03-17 00:00	SW6 5UJ
391000	2014-03-21 00:00	SW2 3DL
13500000	2014-02-07 00:00	SW1X 8LS
239950	2014-01-17 00:00	SW4 6QA
317500	2014-02-10 00:00	SW11 5DF
300000	2014-01-20 00:00	SW16 6JD
625000	2014-01-17 00:00	SW16 3AD
1150000	2014-02-26 00:00	SW15 1HB
475525	2014-03-13 00:00	SW17 7DN
1250000	2014-01-31 00:00	SW19 4QL
2300000	2014-01-17 00:00	SW13 9RX
1035000	2014-03-03 00:00	SW3 1LU
625000	2014-02-14 00:00	SW18 1AR
96000	2014-01-10 00:00	SW11 2QY
325000	2014-01-07 00:00	SW11 6HU
544500	2014-01-20 00:00	SW18 4FY
570000	2014-01-28 00:00	SW18 4FY
195900	2014-01-06 00:00	SW18 4JG
468500	2014-01-03 00:00	SW18 3EZ
645000	2014-02-04 00:00	SW17 9SB
980000	2014-02-03 00:00	SW6 4LT
400000	2014-01-30 00:00	SW1V 1BS
375000	2014-01-03 00:00	SW17 8LJ
425000	2014-03-10 00:00	SW1W 8DD
385000	2014-02-06 00:00	SW18 4SL
250000	2014-02-19 00:00	SW12 9AU
339450	2014-01-22 00:00	SW9 6AN
310000	2014-02-28 00:00	SW16 3SH
700000	2014-01-14 00:00	SW3 5UA
427000	2014-01-17 00:00	SW16 5LX
800000	2014-02-17 00:00	SW5 0PX
882500	2014-02-13 00:00	SW17 7PL
485000	2014-01-09 00:00	SW3 5EQ
2283000	2014-02-21 00:00	SW5 0DN
2861000	2014-01-07 00:00	SW7 3JQ
299950	2014-01-24 00:00	SW18 4FR
340000	2014-01-27 00:00	SW8 4HJ
3580000	2014-02-03 00:00	SW1X 8AR
525000	2014-03-13 00:00	SW16 5GA
587000	2014-01-10 00:00	SW6 1RL
775000	2014-01-10 00:00	SW7 4BE
225000	2014-01-21 00:00	SW9 0XY
569950	2014-02-19 00:00	SW17 0ND
329000	2014-02-10 00:00	SW16 2AQ
541000	2014-01-17 00:00	SW18 3QS
445000	2014-01-03 00:00	SW12 8EQ
370000	2014-01-30 00:00	SW16 3ND
1895640	2014-01-21 00:00	SW7 1HD
560000	2014-02-13 00:00	SW2 4XR
342000	2014-01-24 00:00	SW16 2DA
825000	2014-01-17 00:00	SW3 5ND
427000	2014-02-14 00:00	SW2 3SL
557000	2014-02-28 00:00	SW18 3QR
475000	2014-02-07 00:00	SW11 1RJ
310000	2014-01-24 00:00	SW2 3JZ
707500	2014-01-31 00:00	SW10 9UY
587500	2014-02-17 00:00	SW18 3QY
1350000	2014-02-03 00:00	SW7 4AZ
338000	2014-01-24 00:00	SW4 7RA
105000	2014-01-31 00:00	SW2 4AQ
412500	2014-03-20 00:00	SW19 6ST
299950	2014-01-17 00:00	SW16 2NP
725000	2014-03-05 00:00	SW17 9PZ
525000	2014-01-06 00:00	SW17 8TB
336000	2014-03-07 00:00	SW4 8LH
2925000	2014-01-21 00:00	SW4 9EX
325000	2014-01-24 00:00	SW6 6JB
325000	2014-02-28 00:00	SW16 5BL
297350	2014-02-28 00:00	SW15 5FN
995000	2014-01-31 00:00	SW5 0EE
399950	2014-02-10 00:00	SW17 8QL
417500	2014-02-07 00:00	SW17 9RY
875000	2014-02-04 00:00	SW20 0LW
365000	2014-01-22 00:00	SW18 4FY
292250	2014-03-21 00:00	SW8 1UL
727500	2014-03-20 00:00	SW11 1QU
1625000	2014-02-14 00:00	SW1P 4NH
1728800	2014-02-07 00:00	SW8 2BW
405000	2014-01-24 00:00	SW18 5EE
470000	2014-03-07 00:00	SW8 3QE
638000	2014-03-05 00:00	SW12 8DF
249000	2014-01-30 00:00	SW18 3BZ
990000	2014-01-30 00:00	SW14 7DQ
2950000	2014-03-20 00:00	SW3 3HN
615575	2014-02-03 00:00	SW18 1GG
605000	2014-02-21 00:00	SW20 8DY
310000	2014-03-24 00:00	SW11 2UB
375000	2014-02-07 00:00	SW2 3HW
2050000	2014-02-20 00:00	SW1V 3QP
367000	2014-03-19 00:00	SW13 0PL
435000	2014-01-28 00:00	SW15 6TQ
1350000	2014-01-03 00:00	SW6 3AP
400000	2014-02-14 00:00	SW20 8AU
475000	2014-02-14 00:00	SW16 6LE
633390	2014-01-08 00:00	SW10 9EW
610500	2014-01-10 00:00	SW20 8BH
2700000	2014-01-31 00:00	SW18 3RQ
480000	2014-01-24 00:00	SW1V 2QT
2800000	2014-02-20 00:00	SW1V 1QL
260000	2014-02-19 00:00	SW18 1HJ
1400000	2014-02-14 00:00	SW6 7QW
1250000	2014-03-21 00:00	SW17 7AS
410000	2014-02-21 00:00	SW18 2QG
395000	2014-01-31 00:00	SW4 7RB
440000	2014-01-24 00:00	SW16 6SH
652500	2014-01-06 00:00	SW11 3GZ
175000	2014-03-14 00:00	SW2 3RP
750000	2014-01-30 00:00	SW13 0NF
670000	2014-01-06 00:00	SW17 7PL
640000	2014-03-14 00:00	SW14 8PE
785000	2014-02-11 00:00	SW6 6NR
325000	2014-01-10 00:00	SW11 4QY
1120000	2014-02-13 00:00	SW5 0BU
428000	2014-02-28 00:00	SW16 1DD
1475000	2014-02-19 00:00	SW6 6TT
1900000	2014-02-07 00:00	SW11 6DB
700000	2014-02-28 00:00	SW10 9AA
1975000	2014-02-14 00:00	SW6 4LQ
585000	2014-01-31 00:00	SW18 1QF
437500	2014-01-31 00:00	SW12 9HZ
1100000	2014-01-30 00:00	SW18 1GG
630000	2014-01-31 00:00	SW10 9QG
865000	2014-02-10 00:00	SW18 1ED
312000	2014-03-14 00:00	SW15 5ES
220000	2014-01-17 00:00	SW16 3NU
398450	2014-01-16 00:00	SW4 9HU
855000	2014-02-28 00:00	SW6 7BG
950000	2014-03-06 00:00	SW2 1EW
330000	2014-02-18 00:00	SW20 8EL
1825000	2014-01-17 00:00	SW20 0RZ
575000	2014-02-04 00:00	SW1P 4BD
410000	2014-02-26 00:00	SW16 5UT
1415000	2014-02-17 00:00	SW4 9LZ
875000	2014-02-27 00:00	SW19 3SW
1060000	2014-01-10 00:00	SW6 4NH
385000	2014-02-21 00:00	SW15 6RZ
925000	2014-02-28 00:00	SW18 5TF
1000000	2014-02-28 00:00	SW11 1DN
457900	2014-01-31 00:00	SW11 3LN
590000	2014-01-10 00:00	SW11 4SB
777000	2014-02-26 00:00	SW11 4ED
625000	2014-03-07 00:00	SW11 1QT
462500	2014-01-30 00:00	SW5 0SS
825000	2014-01-03 00:00	SW11 5LT
286000	2014-02-14 00:00	SW19 4LS
1425000	2014-02-05 00:00	SW10 9BW
562500	2014-02-03 00:00	SW18 4FY
575000	2014-03-21 00:00	SW18 3QQ
572500	2014-02-24 00:00	SW10 0UJ
500000	2014-01-10 00:00	SW8 1BT
675000	2014-01-13 00:00	SW3 2NX
1416788	2014-02-14 00:00	SW19 8LF
100000	2014-01-10 00:00	SW16 5LW
382000	2014-01-31 00:00	SW15 3JQ
650000	2014-01-09 00:00	SW17 7HR
479000	2014-02-17 00:00	SW6 1SY
883000	2014-02-21 00:00	SW11 2PB
612000	2014-01-24 00:00	SW17 0AB
855000	2014-01-17 00:00	SW17 7PL
395000	2014-01-06 00:00	SW4 9JP
680000	2014-03-21 00:00	SW19 3TG
525000	2014-02-07 00:00	SW15 3LX
637575	2014-03-14 00:00	SW18 3PP
427500	2014-03-07 00:00	SW18 1EX
1275000	2014-02-24 00:00	SW10 9AF
147000	2014-02-20 00:00	SW16 6JS
590000	2014-01-14 00:00	SW9 0AD
535000	2014-03-18 00:00	SW2 2LD
1575000	2014-03-21 00:00	SW6 6TU
430000	2014-02-21 00:00	SW15 5FN
310000	2014-02-26 00:00	SW4 6DA
1800000	2014-01-21 00:00	SW4 9EW
340000	2014-01-31 00:00	SW8 2JA
299950	2014-02-12 00:00	SW15 6DD
752500	2014-02-26 00:00	SW19 8JX
642500	2014-03-11 00:00	SW5 0TN
250000	2014-01-17 00:00	SW2 1PG
375000	2014-01-24 00:00	SW17 0EE
995000	2014-02-18 00:00	SW8 4BJ
595000	2014-01-06 00:00	SW15 2QS
550000	2014-01-17 00:00	SW11 6JW
1180000	2014-01-22 00:00	SW1X 0DF
200000	2014-02-05 00:00	SW2 4TJ
357000	2014-01-07 00:00	SW9 9PD
870000	2014-03-07 00:00	SW1W 8DU
1775000	2014-03-04 00:00	SW19 7BE
500000	2014-01-10 00:00	SW17 8RN
995000	2014-01-17 00:00	SW19 8PD
248150	2014-03-21 00:00	SW16 1QP
1085000	2014-01-17 00:00	SW7 4BE
6350000	2014-01-20 00:00	SW1X 8HS
378000	2014-01-03 00:00	SW18 4FY
232500	2014-01-31 00:00	SW19 1TS
200000	2014-02-06 00:00	SW16 6BL
435000	2014-01-24 00:00	SW18 2SY
540000	2014-03-10 00:00	SW17 0GP
350000	2014-02-20 00:00	SW18 4SL
549950	2014-01-10 00:00	SW14 7AY
1980000	2014-02-04 00:00	SW1X 8AL
1075000	2014-03-07 00:00	SW18 1QG
261000	2014-01-30 00:00	SW6 4ED
237000	2014-01-31 00:00	SW19 2NA
750000	2014-01-07 00:00	SW6 5HG
231000	2014-01-10 00:00	SW9 0LJ
805000	2014-01-08 00:00	SW14 7HW
367000	2014-02-07 00:00	SW9 6AU
670000	2014-02-24 00:00	SW15 2ER
600000	2014-03-20 00:00	SW9 9UP
310000	2014-01-06 00:00	SW11 4AQ
391256	2014-02-07 00:00	SW17 8JT
440000	2014-02-07 00:00	SW4 9DX
900000	2014-01-31 00:00	SW1X 0HB
592000	2014-01-08 00:00	SW19 8JX
1090000	2014-02-05 00:00	SW14 7QD
1085000	2014-01-31 00:00	SW15 2PA
490000	2014-01-17 00:00	SW6 2FL
1015000	2014-01-31 00:00	SW14 8BU
2700000	2014-01-16 00:00	SW10 9TU
2300000	2014-02-19 00:00	SW6 7JW
2900000	2014-02-28 00:00	SW1X 8NG
1655000	2014-03-12 00:00	SW15 5FD
712500	2014-01-10 00:00	SW15 1AN
472500	2014-01-14 00:00	SW6 2FS
250000	2014-01-28 00:00	SW6 2BE
590000	2014-01-03 00:00	SW6 6TG
1125000	2014-01-16 00:00	SW3 5DU
500000	2014-02-24 00:00	SW2 5NH
250000	2014-02-14 00:00	SW17 0PW
170000	2014-02-28 00:00	SW16 6AN
3425000	2014-02-14 00:00	SW7 3RW
560000	2014-01-27 00:00	SW1V 4BN
512500	2014-01-10 00:00	SW20 9BH
310000	2014-02-14 00:00	SW6 7DU
700000	2014-01-22 00:00	SW16 1UU
499000	2014-03-05 00:00	SW16 2XR
635000	2014-02-07 00:00	SW14 8PU
657500	2014-01-31 00:00	SW11 3GZ
720500	2014-01-06 00:00	SW6 5AP
362950	2014-01-09 00:00	SW16 1EH
282500	2014-02-07 00:00	SW17 9LA
385000	2014-01-16 00:00	SW19 6SS
210000	2014-01-06 00:00	SW16 5YQ
1700000	2014-02-28 00:00	SW15 1AH
1975000	2014-02-27 00:00	SW2 4XF
500000	2014-02-21 00:00	SW15 1DX
328300	2014-03-21 00:00	SW14 7HG
654000	2014-01-07 00:00	SW18 1GN
1265000	2014-01-03 00:00	SW6 7BJ
799000	2014-02-14 00:00	SW5 0TQ
3500000	2014-01-03 00:00	SW6 3PT
1760000	2014-03-13 00:00	SW17 8QY
525000	2014-02-14 00:00	SW18 2AS
685000	2014-02-11 00:00	SW11 3AS
1272840	2014-01-07 00:00	SW3 6PD
1450000	2014-01-28 00:00	SW13 9PJ
560000	2014-02-10 00:00	SW19 2NE
1595000	2014-01-14 00:00	SW10 0PT
448000	2014-02-03 00:00	SW15 5DU
1000000	2014-03-18 00:00	SW20 0RW
500000	2014-02-17 00:00	SW17 8HN
799950	2014-02-08 00:00	SW19 8QB
249950	2014-01-10 00:00	SW2 3QF
330000	2014-03-20 00:00	SW3 4LH
298000	2014-02-14 00:00	SW16 6AZ
1100000	2014-02-07 00:00	SW11 1LT
780000	2014-02-13 00:00	SW18 2RJ
365000	2014-03-10 00:00	SW2 3BG
1200000	2014-02-28 00:00	SW15 5LX
390000	2014-01-15 00:00	SW1V 3EL
1530000	2014-01-10 00:00	SW19 5JL
481000	2014-03-17 00:00	SW17 8HN
365000	2014-02-28 00:00	SW16 2EH
950000	2014-01-17 00:00	SW18 5AG
360000	2014-01-10 00:00	SW2 1QZ
1025000	2014-01-03 00:00	SW18 5BU
400000	2014-02-07 00:00	SW11 5RZ
845000	2014-01-10 00:00	SW19 4NB
680000	2014-03-03 00:00	SW15 2JJ
1410000	2014-01-10 00:00	SW7 5NP
565000	2014-01-29 00:00	SW2 5EB
315000	2014-02-07 00:00	SW16 1DN
1090000	2014-02-27 00:00	SW5 9BH
835000	2014-02-18 00:00	SW19 1JG
480000	2014-01-02 00:00	SW12 0DR
1057000	2014-02-27 00:00	SW12 9LG
540000	2014-01-07 00:00	SW6 6SU
997731	2014-02-12 00:00	SW6 3BT
637500	2014-02-14 00:00	SW12 8EL
840000	2014-01-07 00:00	SW10 0UQ
4600000	2014-03-07 00:00	SW6 6EZ
1195000	2014-02-05 00:00	SW12 8ND
580000	2014-03-14 00:00	SW19 3EJ
359950	2014-02-14 00:00	SW15 6EL
460000	2014-01-17 00:00	SW6 7JJ
72000	2014-02-27 00:00	SW20 0BN
450000	2014-03-07 00:00	SW6 4NL
1550555	2014-02-18 00:00	SW17 8ER
2200000	2014-03-18 00:00	SW6 4BD
500000	2014-01-30 00:00	SW18 5AT
340000	2014-01-24 00:00	SW12 8LQ
970000	2014-01-28 00:00	SW15 3RB
400000	2014-02-07 00:00	SW18 4FY
552000	2014-02-07 00:00	SW17 0AE
250000	2014-01-09 00:00	SW15 2RN
1658000	2014-01-23 00:00	SW10 0XB
335000	2014-02-19 00:00	SW18 1GG
265000	2014-01-23 00:00	SW8 3PQ
885001	2014-01-10 00:00	SW6 7BG
275000	2014-02-14 00:00	SW17 0ND
610000	2014-02-14 00:00	SW16 2LS
240000	2014-01-29 00:00	SW2 3EG
310000	2014-02-13 00:00	SW15 1JD
370850	2014-01-03 00:00	SW16 5NP
3995000	2014-01-15 00:00	SW4 9SD
1900000	2014-01-15 00:00	SW6 7UF
1410000	2014-01-29 00:00	SW11 6AD
510000	2014-01-17 00:00	SW12 8SX
372000	2014-01-31 00:00	SW4 0PF
436000	2014-02-19 00:00	SW19 3QN
890000	2014-01-29 00:00	SW19 8AY
650000	2014-02-21 00:00	SW19 8QB
599950	2014-01-06 00:00	SW15 3SG
1330000	2014-02-27 00:00	SW12 9NL
249500	2014-02-14 00:00	SW18 3BX
1675000	2014-02-28 00:00	SW6 6RB
500000	2014-01-27 00:00	SW17 8TY
500000	2014-01-10 00:00	SW6 2FS
206000	2014-02-18 00:00	SW2 4LZ
762500	2014-03-21 00:00	SW1V 4DA
760100	2014-01-03 00:00	SW12 8RT
1998999	2014-03-13 00:00	SW19 7AF
875000	2014-01-06 00:00	SW6 6LN
410000	2014-03-14 00:00	SW16 3JZ
500000	2014-03-19 00:00	SW18 4HE
395000	2014-01-06 00:00	SW9 9RT
350000	2014-02-11 00:00	SW11 2PB
465000	2014-01-10 00:00	SW12 9RZ
267000	2014-01-24 00:00	SW2 5JP
2180000	2014-02-14 00:00	SW19 3LJ
529950	2014-01-15 00:00	SW20 9BH
412300	2014-01-31 00:00	SW15 5FN
286000	2014-01-10 00:00	SW16 5QG
504500	2014-01-08 00:00	SW5 9PR
228000	2014-02-19 00:00	SW11 3HF
365000	2014-01-10 00:00	SW1V 3BB
269950	2014-01-22 00:00	SW19 2BF
12000000	2014-01-20 00:00	SW10 9SS
545000	2014-02-14 00:00	SW19 3DN
6500000	2014-02-19 00:00	SW1W 8ED
499950	2014-03-11 00:00	SW6 1JP
321000	2014-02-10 00:00	SW19 6BZ
2000000	2014-03-05 00:00	SW11 4PF
250000	2014-01-31 00:00	SW11 2LU
250000	2014-02-17 00:00	SW6 4HS
345000	2014-01-31 00:00	SW18 4FY
78000	2014-01-09 00:00	SW16 4DP
600000	2014-01-06 00:00	SW3 4QP
560000	2014-01-31 00:00	SW11 3JG
1999999	2014-01-10 00:00	SW3 6BB
1520000	2014-02-27 00:00	SW18 5SH
305000	2014-01-15 00:00	SW11 3NG
545000	2014-02-26 00:00	SW9 0BG
305000	2014-01-08 00:00	SW15 3AT
189000	2014-02-20 00:00	SW19 2QJ
212550	2014-02-26 00:00	SW18 3DQ
765000	2014-03-03 00:00	SW1V 3QX
1300000	2014-01-28 00:00	SW11 3TW
620000	2014-02-19 00:00	SW17 9SD
550000	2014-01-07 00:00	SW6 6TF
565000	2014-02-11 00:00	SW16 6DX
299950	2014-02-21 00:00	SW19 8LD
770000	2014-01-15 00:00	SW6 6PR
195000	2014-03-24 00:00	SW19 8NL
2600000	2014-01-29 00:00	SW10 9XD
851500	2014-02-27 00:00	SW18 3EF
1175000	2014-01-17 00:00	SW5 0JW
395000	2014-03-03 00:00	SW18 4AG
702000	2014-03-04 00:00	SW19 4BH
950000	2014-01-31 00:00	SW2 5UP
450000	2014-03-10 00:00	SW4 7LP
350000	2014-02-14 00:00	SW19 4NR
1400000	2014-02-07 00:00	SW11 6BG
299950	2014-02-07 00:00	SW16 6DR
999999	2014-02-28 00:00	SW18 1QW
500000	2014-01-24 00:00	SW18 4FY
365685	2014-02-14 00:00	SW17 8NB
1310000	2014-02-21 00:00	SW17 8RU
862500	2014-01-31 00:00	SW5 0HW
158000	2014-02-28 00:00	SW9 8QE
780000	2014-02-21 00:00	SW9 9RD
236250	2014-02-11 00:00	SW15 3EQ
125000	2014-01-24 00:00	SW15 2JF
350000	2014-01-23 00:00	SW17 7UB
402500	2014-01-17 00:00	SW18 4FY
463000	2014-02-14 00:00	SW15 5DU
660000	2014-03-18 00:00	SW19 5QW
583000	2014-03-14 00:00	SW12 9QH
276000	2014-01-31 00:00	SW17 0BP
1900000	2014-01-30 00:00	SW6 3BA
835000	2014-03-13 00:00	SW15 6QJ
1150000	2014-02-19 00:00	SW13 8HS
225000	2014-02-13 00:00	SW20 9NS
562500	2014-02-04 00:00	SW14 8HY
305000	2014-01-09 00:00	SW16 5SY
710000	2014-01-22 00:00	SW5 0AQ
845000	2014-02-24 00:00	SW19 8NU
380000	2014-01-17 00:00	SW15 6PZ
1170000	2014-02-17 00:00	SW10 0RR
540000	2014-01-14 00:00	SW17 0EL
350000	2014-01-10 00:00	SW2 5TD
310000	2014-02-06 00:00	SW19 3DF
313000	2014-01-24 00:00	SW17 8SX
4310000	2014-03-07 00:00	SW3 4BA
1675000	2014-02-14 00:00	SW13 0AA
349950	2014-02-07 00:00	SW18 1EX
325000	2014-02-12 00:00	SW9 7BP
349950	2014-01-22 00:00	SW18 5SH
275000	2014-02-05 00:00	SW18 2AD
312500	2014-01-31 00:00	SW18 5RX
1650000	2014-02-13 00:00	SW4 9PX
1425000	2014-01-27 00:00	SW7 5PR
2950000	2014-02-14 00:00	SW3 2JJ
1560000	2014-02-26 00:00	SW11 6SA
340000	2014-01-10 00:00	SW2 5AR
325000	2014-01-10 00:00	SW17 6AU
450000	2014-02-27 00:00	SW19 5LJ
410000	2014-03-04 00:00	SW15 3JW
521000	2014-01-03 00:00	SW4 0AN
480000	2014-01-09 00:00	SW12 9PA
240000	2014-01-31 00:00	SW16 5JD
341000	2014-01-03 00:00	SW6 4LL
879000	2014-01-10 00:00	SW18 3TE
390000	2014-01-23 00:00	SW9 0LJ
285000	2014-01-17 00:00	SW9 6BU
581000	2014-01-31 00:00	SW15 1JU
380000	2014-01-24 00:00	SW18 4BE
1400000	2014-02-28 00:00	SW17 7EE
535000	2014-03-07 00:00	SW7 2PR
500000	2014-01-22 00:00	SW6 2TF
395000	2014-02-14 00:00	SW18 4FY
250000	2014-01-21 00:00	SW16 2UH
845000	2014-01-17 00:00	SW17 7PL
689999	2014-03-24 00:00	SW6 1LW
988000	2014-01-10 00:00	SW18 3QP
850000	2014-02-28 00:00	SW19 8AU
575000	2014-02-07 00:00	SW12 9LA
450000	2014-01-15 00:00	SW17 0EH
816000	2014-02-14 00:00	SW6 6DZ
132000	2014-03-10 00:00	SW16 6HH
320000	2014-01-03 00:00	SW6 3DW
1250000	2014-01-17 00:00	SW18 2PA
1036000	2014-01-23 00:00	SW19 8JQ
1830000	2014-01-31 00:00	SW5 0LZ
317000	2014-02-07 00:00	SW19 2AX
340000	2014-02-21 00:00	SW9 0BG
1120000	2014-01-10 00:00	SW6 7QN
220000	2014-02-14 00:00	SW16 5ER
420000	2014-03-11 00:00	SW9 8QP
390000	2014-02-13 00:00	SW8 4NP
470000	2014-01-23 00:00	SW3 3LB
250000	2014-01-24 00:00	SW16 2BE
512250	2014-03-19 00:00	SW17 8DZ
999999	2014-01-23 00:00	SW8 3TP
355000	2014-01-30 00:00	SW4 0HB
650000	2014-02-07 00:00	SW11 6JW
285000	2014-03-14 00:00	SW16 6AP
520000	2014-01-24 00:00	SW9 0BZ
549950	2014-02-28 00:00	SW15 5EL
712500	2014-02-14 00:00	SW18 3RA
615000	2014-01-20 00:00	SW6 1SZ
650000	2014-02-21 00:00	SW4 9EY
775000	2014-01-17 00:00	SW10 0DA
315000	2014-01-17 00:00	SW16 4JY
845000	2014-02-25 00:00	SW6 2TB
499950	2014-02-28 00:00	SW17 9PR
800000	2014-02-07 00:00	SW11 2JD
410000	2014-02-17 00:00	SW17 9SS
365000	2014-02-25 00:00	SW16 5DT
810000	2014-02-18 00:00	SW19 8QB
635000	2014-01-24 00:00	SW12 0DG
1875000	2014-01-31 00:00	SW13 9RX
250000	2014-01-03 00:00	SW2 4PY
540000	2014-02-17 00:00	SW6 7NZ
150000	2014-02-11 00:00	SW18 1HZ
1097500	2014-01-31 00:00	SW14 7AA
600000	2014-01-07 00:00	SW18 1GN
595000	2014-03-04 00:00	SW20 8AP
643256	2014-01-10 00:00	SW4 7UZ
250000	2014-02-21 00:00	SW15 6JY
720000	2014-03-07 00:00	SW19 8BU
401000	2014-01-03 00:00	SW20 9LD
700000	2014-01-23 00:00	SW11 6SP
365000	2014-02-07 00:00	SW12 8HJ
565000	2014-01-10 00:00	SW18 3TD
480000	2014-01-31 00:00	SW18 3SX
415000	2014-01-31 00:00	SW17 0LD
458500	2014-01-24 00:00	SW12 9QT
2600000	2014-03-04 00:00	SW7 5PR
780000	2014-01-10 00:00	SW14 8BS
125000	2014-01-06 00:00	SW17 9PS
315000	2014-02-19 00:00	SW16 1EG
980000	2014-03-05 00:00	SW18 5HB
499950	2014-02-06 00:00	SW15 1EE
1530000	2014-01-14 00:00	SW6 5RE
300000	2014-01-29 00:00	SW4 8JW
1587500	2014-01-24 00:00	SW18 1LR
315000	2014-02-04 00:00	SW9 9UH
1115000	2014-02-21 00:00	SW11 1LY
275000	2014-02-04 00:00	SW17 0EE
1550000	2014-01-31 00:00	SW15 3TE
765000	2014-02-03 00:00	SW10 0DA
4525110	2014-01-31 00:00	SW3 2TP
270000	2014-01-31 00:00	SW15 3BZ
182500	2014-02-28 00:00	SW17 0TZ
950234	2014-01-07 00:00	SW6 1QA
3665000	2014-01-31 00:00	SW3 2LS
995000	2014-03-14 00:00	SW1P 4DB
1340000	2014-01-31 00:00	SW4 6PR
1850000	2014-01-24 00:00	SW6 5AF
800000	2014-02-10 00:00	SW14 8JR
460000	2014-01-24 00:00	SW12 0LS
765000	2014-01-31 00:00	SW7 5RP
299950	2014-02-10 00:00	SW19 6LE
2000000	2014-02-14 00:00	SW1V 2AJ
493000	2014-01-30 00:00	SW4 7AS
1250000	2014-02-13 00:00	SW11 3DW
330000	2014-01-24 00:00	SW10 9UQ
895000	2014-01-28 00:00	SW18 1FQ
530000	2014-02-12 00:00	SW15 5EU
2312000	2014-02-28 00:00	SW19 4RN
665000	2014-02-10 00:00	SW11 4FR
3100000	2014-01-17 00:00	SW1V 4EB
999950	2014-01-31 00:00	SW7 4RU
640000	2014-01-21 00:00	SW11 4LZ
465000	2014-03-03 00:00	SW10 0EH
360000	2014-03-07 00:00	SW19 8DZ
1550000	2014-01-17 00:00	SW16 1AJ
425000	2014-01-03 00:00	SW20 9LB
500000	2014-01-31 00:00	SW17 0UH
760000	2014-03-06 00:00	SW5 9EU
950000	2014-01-09 00:00	SW19 5NE
333000	2014-01-09 00:00	SW16 5LA
470000	2014-01-10 00:00	SW19 5LH
885000	2014-02-11 00:00	SW18 1GN
327000	2014-02-07 00:00	SW17 8HX
490000	2014-03-06 00:00	SW2 5AF
245000	2014-02-21 00:00	SW17 9NY
565500	2014-01-10 00:00	SW15 5HE
920000	2014-02-17 00:00	SW10 9BH
660000	2014-01-31 00:00	SW7 2RZ
1795000	2014-02-17 00:00	SW12 8SN
395000	2014-03-13 00:00	SW15 2PX
950000	2014-02-18 00:00	SW18 4RL
545000	2014-01-08 00:00	SW19 7QU
330000	2014-01-06 00:00	SW18 4FY
800000	2014-02-07 00:00	SW5 9DN
375000	2014-03-21 00:00	SW17 0PR
290000	2014-03-11 00:00	SW9 0BG
335000	2014-02-21 00:00	SW18 2AY
580000	2014-01-17 00:00	SW9 0AF
1600000	2014-01-14 00:00	SW14 8SW
320000	2014-02-25 00:00	SW19 2AB
267800	2014-01-21 00:00	SW12 0NT
223000	2014-03-07 00:00	SW16 2LA
780000	2014-01-17 00:00	SW16 1NS
450000	2014-02-24 00:00	SW12 0EE
470000	2014-01-31 00:00	SW6 5HQ
1400000	2014-01-30 00:00	SW19 7QR
234500	2014-02-21 00:00	SW19 1SS
655000	2014-03-21 00:00	SW15 6SS
312620	2014-02-28 00:00	SW15 5FN
1850000	2014-03-07 00:00	SW10 0PR
530000	2014-02-04 00:00	SW19 2HB
390000	2014-01-03 00:00	SW18 4FY
1725000	2014-01-14 00:00	SW5 0AQ
740500	2014-02-27 00:00	SW12 9PE
1775000	2014-01-03 00:00	SW11 6AU
1043000	2014-03-03 00:00	SW12 9LE
580000	2014-03-21 00:00	SW2 1BZ
249999	2014-01-24 00:00	SW19 2RW
350000	2014-01-22 00:00	SW2 4RH
260000	2014-02-12 00:00	SW16 1SS
545000	2014-01-17 00:00	SW12 0EE
1315000	2014-03-07 00:00	SW11 1XH
925000	2014-03-14 00:00	SW13 0AZ
1501100	2014-02-03 00:00	SW6 3RJ
470000	2014-01-31 00:00	SW1H 9HE
400000	2014-01-24 00:00	SW18 3DG
705000	2014-02-07 00:00	SW14 8QE
850000	2014-01-07 00:00	SW5 9QR
215000	2014-02-28 00:00	SW15 6JB
1925000	2014-02-26 00:00	SW11 4RZ
365000	2014-02-07 00:00	SW11 3HQ
135000	2014-02-20 00:00	SW16 5HH
455000	2014-01-20 00:00	SW12 9RZ
435000	2014-02-04 00:00	SW17 8QN
385000	2014-01-09 00:00	SW20 8LS
250000	2014-01-31 00:00	SW15 3RU
316000	2014-01-22 00:00	SW8 2AE
480000	2014-02-28 00:00	SW20 0DG
515230	2014-02-20 00:00	SW2 2LL
410000	2014-01-03 00:00	SW15 2QJ
642000	2014-02-18 00:00	SW6 2TB
1840000	2014-01-31 00:00	SW6 3QA
530000	2014-02-19 00:00	SW1V 4HH
292600	2014-02-28 00:00	SW15 5FN
3942500	2014-03-06 00:00	SW1W 8JT
562000	2014-01-10 00:00	SW18 4RS
635000	2014-03-20 00:00	SW7 4SB
536000	2014-01-09 00:00	SW4 8QP
585000	2014-03-14 00:00	SW2 4NX
1525000	2014-01-28 00:00	SW6 4PT
765000	2014-02-28 00:00	SW18 3HT
820000	2014-02-14 00:00	SW1V 3JL
249950	2014-01-17 00:00	SW16 4UD
670000	2014-02-20 00:00	SW12 0PQ
685000	2014-01-10 00:00	SW12 9HJ
925000	2014-01-13 00:00	SW18 2PA
1696700	2014-02-19 00:00	SW8 2BW
625000	2014-02-28 00:00	SW11 1HR
485000	2014-01-27 00:00	SW9 7DG
400000	2014-01-20 00:00	SW15 5FN
995000	2014-02-28 00:00	SW13 0EY
365000	2014-03-21 00:00	SW6 3HT
195000	2014-01-16 00:00	SW16 3HN
525000	2014-02-07 00:00	SW2 4DH
757750	2014-01-10 00:00	SW18 1LR
690000	2014-03-14 00:00	SW10 9AD
275000	2014-01-17 00:00	SW16 2DF
372000	2014-01-10 00:00	SW8 2AH
420000	2014-02-21 00:00	SW11 4ND
612500	2014-01-03 00:00	SW2 4BL
495500	2014-02-14 00:00	SW12 0DE
132500	2014-02-07 00:00	SW6 2GY
830000	2014-01-10 00:00	SW6 6DY
67500	2014-02-28 00:00	SW2 5UL
327000	2014-03-11 00:00	SW16 6JZ
270000	2014-03-14 00:00	SW18 1DZ
3200000	2014-02-27 00:00	SW1V 4AB
395000	2014-01-13 00:00	SW16 3RY
1313013	2014-03-14 00:00	SW19 6NT
284950	2014-02-26 00:00	SW15 3AD
238500	2014-02-07 00:00	SW12 9RG
599950	2014-03-07 00:00	SW12 0DY
282500	2014-01-17 00:00	SW9 0JU
280000	2014-02-14 00:00	SW2 4DA
618000	2014-02-21 00:00	SW17 7AR
1000000	2014-01-17 00:00	SW14 8HF
845000	2014-01-07 00:00	SW19 8AU
740000	2014-01-15 00:00	SW19 3JT
927500	2014-03-14 00:00	SW1V 3QX
1050000	2014-01-22 00:00	SW10 9NZ
2287000	2014-02-26 00:00	SW3 4EW
470000	2014-03-17 00:00	SW1A 1PH
2000000	2014-02-07 00:00	SW13 9NB
425000	2014-01-14 00:00	SW6 7QX
390000	2014-03-14 00:00	SW11 1JW
1482500	2014-01-24 00:00	SW6 1LW
4500000	2014-01-13 00:00	SW3 2HU
387000	2014-01-03 00:00	SW20 0QT
558650	2014-01-13 00:00	SW18 1FQ
338000	2014-01-27 00:00	SW12 9HW
1015000	2014-03-20 00:00	SW11 5SX
472000	2014-02-14 00:00	SW15 3NU
580000	2014-02-07 00:00	SW18 4FY
304595	2014-02-06 00:00	SW17 8TJ
500000	2014-02-18 00:00	SW18 2DU
985000	2014-03-03 00:00	SW14 8LF
610000	2014-01-20 00:00	SW19 3PJ
1300000	2014-02-07 00:00	SW11 6NU
522000	2014-01-09 00:00	SW16 5LX
226000	2014-02-03 00:00	SW19 2RH
640000	2014-03-07 00:00	SW19 2DE
465000	2014-02-14 00:00	SW19 3BF
580000	2014-03-14 00:00	SW18 4FY
2795000	2014-02-10 00:00	SW1X 0JY
525000	2014-01-31 00:00	SW18 4FY
570000	2014-02-03 00:00	SW6 2PQ
450000	2014-02-21 00:00	SW17 0DF
1440050	2014-02-19 00:00	SW6 7JX
2350000	2014-01-17 00:00	SW3 2TH
365000	2014-02-14 00:00	SW16 2HJ
550000	2014-02-06 00:00	SW1P 4NR
390000	2014-02-06 00:00	SW17 6AB
310000	2014-03-06 00:00	SW19 6PT
3000000	2014-01-17 00:00	SW6 3TE
511255	2014-03-21 00:00	SW11 3GX
750000	2014-01-23 00:00	SW1V 4HF
499950	2014-01-24 00:00	SW4 7TP
1220000	2014-03-05 00:00	SW12 8LE
540000	2014-01-03 00:00	SW18 5QY
296000	2014-01-06 00:00	SW12 0AW
280000	2014-01-10 00:00	SW9 8AZ
210000	2014-02-28 00:00	SW19 4LF
1265000	2014-03-03 00:00	SW3 5AX
66250	2014-02-07 00:00	SW2 5UL
465000	2014-03-06 00:00	SW1V 4JZ
685000	2014-03-07 00:00	SW18 1LR
1500000	2014-03-17 00:00	SW10 9JJ
3000000	2014-02-13 00:00	SW5 0JN
750000	2014-02-14 00:00	SW3 5RT
249500	2014-01-10 00:00	SW15 3AE
515000	2014-02-03 00:00	SW18 1PA
800000	2014-02-28 00:00	SW10 0UJ
325000	2014-01-30 00:00	SW8 2SF
350000	2014-03-07 00:00	SW6 4RJ
319950	2014-01-03 00:00	SW19 1UG
630000	2014-01-17 00:00	SW17 7LH
545000	2014-01-27 00:00	SW17 7HJ
585000	2014-01-17 00:00	SW2 5RE
187500	2014-01-10 00:00	SW4 7SD
341500	2014-02-21 00:00	SW16 2BQ
365000	2014-01-20 00:00	SW9 6AN
910000	2014-01-14 00:00	SW14 8RY
472500	2014-01-03 00:00	SW16 6SE
1375000	2014-01-10 00:00	SW19 3PD
435000	2014-01-14 00:00	SW6 5DW
425000	2014-02-21 00:00	SW19 3PL
595000	2014-01-07 00:00	SW1V 4PY
325000	2014-02-11 00:00	SW2 4QR
411840	2014-01-30 00:00	SW15 5FN
500000	2014-01-21 00:00	SW13 0HA
1150000	2014-02-28 00:00	SW11 2PU
616088	2014-03-14 00:00	SW5 0BE
355000	2014-02-21 00:00	SW18 2RL
240000	2014-01-10 00:00	SW2 2HX
575000	2014-01-07 00:00	SW19 6PP
396605	2014-03-14 00:00	SW17 8NY
595000	2014-03-14 00:00	SW12 8JE
543000	2014-02-14 00:00	SW20 8AP
515000	2014-02-14 00:00	SW20 8BH
234000	2014-03-06 00:00	SW19 7BB
950000	2014-01-31 00:00	SW11 6JZ
700000	2014-01-24 00:00	SW19 1HP
620000	2014-01-24 00:00	SW20 8JE
290500	2014-02-18 00:00	SW14 8AE
257000	2014-03-05 00:00	SW9 6BU
315000	2014-03-04 00:00	SW8 1XX
276000	2014-01-10 00:00	SW16 2DS
1000000	2014-02-18 00:00	SW6 2TT
420000	2014-03-17 00:00	SW19 3DW
895000	2014-01-03 00:00	SW17 7DD
425000	2014-03-14 00:00	SW19 1HL
625000	2014-01-17 00:00	SW16 2BQ
1780000	2014-02-26 00:00	SW8 2BW
1175000	2014-01-28 00:00	SW1W 0PB
382000	2014-02-10 00:00	SW17 7UE
2040000	2014-01-31 00:00	SW8 2DU
896000	2014-02-14 00:00	SW18 5QX
1995000	2014-01-31 00:00	SW3 4BT
1200000	2014-03-18 00:00	SW15 1PD
690000	2014-01-10 00:00	SW8 3TD
240000	2014-01-24 00:00	SW11 4AL
2600000	2014-01-23 00:00	SW7 2QQ
457500	2014-02-20 00:00	SW16 3JZ
385000	2014-01-20 00:00	SW18 4FY
499950	2014-01-21 00:00	SW1P 4NF
751177	2014-01-31 00:00	SW14 7NF
377500	2014-02-28 00:00	SW11 5RA
565000	2014-01-03 00:00	SW18 1GN
300000	2014-01-16 00:00	SW18 4GD
212000	2014-01-28 00:00	SW16 4RN
430000	2014-02-12 00:00	SW19 2NR
750000	2014-03-19 00:00	SW10 0PX
820000	2014-01-09 00:00	SW17 7DG
345000	2014-01-17 00:00	SW18 4UL
478100	2014-03-11 00:00	SW11 1XQ
1915000	2014-02-07 00:00	SW17 7DY
686888	2014-02-28 00:00	SW12 0PB
1650000	2014-01-24 00:00	SW18 3LP
396050	2014-01-31 00:00	SW14 8HY
370000	2014-03-10 00:00	SW18 1NZ
995000	2014-02-21 00:00	SW1V 1ER
585000	2014-02-07 00:00	SW19 5QW
5785000	2014-02-28 00:00	SW1X 8BD
393500	2014-01-31 00:00	SW2 3BH
249000	2014-01-07 00:00	SW9 0JG
325850	2014-01-30 00:00	SW15 5FN
207500	2014-01-21 00:00	SW8 3RL
765000	2014-01-24 00:00	SW6 4NF
645000	2014-01-31 00:00	SW19 4ST
403200	2014-03-05 00:00	SW16 1JE
460000	2014-02-07 00:00	SW17 9EH
675000	2014-01-02 00:00	SW11 2JP
182000	2014-01-31 00:00	SW16 1LY
775000	2014-02-28 00:00	SW11 3LX
650000	2014-01-23 00:00	SW18 1GN
395000	2014-01-17 00:00	SW19 2BS
1350000	2014-01-31 00:00	SW17 8RU
2065000	2014-01-15 00:00	SW1X 0DY
1050000	2014-01-03 00:00	SW16 2EA
1000000	2014-03-21 00:00	SW10 0PJ
635000	2014-02-05 00:00	SW8 2LU
910000	2014-01-31 00:00	SW11 6BD
440000	2014-01-17 00:00	SW15 6QH
690000	2014-01-17 00:00	SW7 5EU
355000	2014-03-21 00:00	SW20 8DY
499995	2014-02-05 00:00	SW9 0BH
1750000	2014-02-28 00:00	SW6 6RF
665000	2014-01-24 00:00	SW18 1GN
590000	2014-01-03 00:00	SW12 0ND
210000	2014-01-31 00:00	SW16 1SF
475000	2014-02-07 00:00	SW20 8BG
259875	2014-01-15 00:00	SW9 6AN
672000	2014-01-27 00:00	SW20 8EB
450000	2014-03-04 00:00	SW12 9LA
205000	2014-03-04 00:00	SW19 6JH
1098000	2014-01-06 00:00	SW1W 0NY
855000	2014-01-10 00:00	SW13 9QU
362000	2014-02-13 00:00	SW11 4DJ
1260000	2014-01-24 00:00	SW13 0AN
2300000	2014-02-24 00:00	SW1V 3SN
637500	2014-01-24 00:00	SW8 2XS
332000	2014-03-06 00:00	SW16 2EL
299950	2014-02-21 00:00	SW13 0HY
265000	2014-02-17 00:00	SW9 7SH
1215000	2014-01-21 00:00	SW19 4EH
1280000	2014-01-09 00:00	SW19 4EZ
765000	2014-03-07 00:00	SW20 8EB
715100	2014-02-28 00:00	SW2 4QL
440000	2014-02-20 00:00	SW16 5FR
3180000	2014-02-26 00:00	SW6 3SS
417000	2014-02-07 00:00	SW2 2YP
242500	2014-01-13 00:00	SW16 3BT
1425000	2014-01-31 00:00	SW15 6BA
415000	2014-01-31 00:00	SW15 5FN
270000	2014-01-16 00:00	SW18 4JA
415000	2014-01-07 00:00	SW8 4UU
875000	2014-01-09 00:00	SW16 1JE
378000	2014-02-07 00:00	SW12 0EP
286000	2014-02-28 00:00	SW18 3SF
499000	2014-02-18 00:00	SW6 2GX
1650000	2014-01-13 00:00	SW11 4PU
325000	2014-03-11 00:00	SW18 1HN
207000	2014-02-28 00:00	SW19 2JF
945000	2014-02-21 00:00	SW18 5ND
2000000	2014-03-03 00:00	SW7 3BD
355000	2014-02-14 00:00	SW16 1QJ
500000	2014-01-17 00:00	SW20 9JB
565000	2014-02-24 00:00	SW1P 4SA
800000	2014-02-28 00:00	SW10 0UQ
545000	2014-02-19 00:00	SW18 4FY
816000	2014-02-27 00:00	SW11 5LD
865000	2014-03-07 00:00	SW1P 1LQ
1950000	2014-01-24 00:00	SW18 1JU
425000	2014-03-14 00:00	SW12 0DY
580000	2014-01-20 00:00	SW8 4PP
359950	2014-01-10 00:00	SW20 8HB
699950	2014-01-17 00:00	SW14 8DD
485000	2014-01-09 00:00	SW3 5EQ
1340000	2014-02-14 00:00	SW15 1NP
283500	2014-01-16 00:00	SW9 6AN
1565000	2014-02-14 00:00	SW11 6QT
400000	2014-01-24 00:00	SW2 3HD
570000	2014-02-12 00:00	SW6 2PR
1685000	2014-02-07 00:00	SW15 6LW
687500	2014-03-11 00:00	SW17 8DB
677500	2014-02-28 00:00	SW20 0BJ
1280000	2014-01-20 00:00	SW6 7TU
330000	2014-01-28 00:00	SW18 4QP
275000	2014-01-16 00:00	SW17 0EE
430000	2014-01-31 00:00	SW16 6BG
1050000	2014-01-06 00:00	SW12 8LH
537200	2014-01-31 00:00	SW18 3QS
425000	2014-01-07 00:00	SW19 8HJ
835000	2014-02-21 00:00	SW11 5UY
644000	2014-01-15 00:00	SW19 8EL
1850000	2014-02-07 00:00	SW6 5LL
395000	2014-03-10 00:00	SW18 4FY
500000	2014-01-07 00:00	SW9 0EE
392500	2014-01-10 00:00	SW15 4AF
1860000	2014-03-17 00:00	SW3 6SB
455000	2014-02-21 00:00	SW19 7QN
386000	2014-01-31 00:00	SW17 8HY
383000	2014-01-31 00:00	SW20 8BL
535000	2014-02-21 00:00	SW2 5JT
187000	2014-02-14 00:00	SW2 4QS
880000	2014-02-18 00:00	SW6 2GY
221000	2014-02-10 00:00	SW15 3HL
230000	2014-02-07 00:00	SW16 4EZ
2000000	2014-01-10 00:00	SW6 5AB
775000	2014-03-14 00:00	SW11 2JS
225000	2014-01-31 00:00	SW2 4AE
345000	2014-01-17 00:00	SW17 6AU
675000	2014-01-08 00:00	SW3 2LP
295000	2014-01-29 00:00	SW19 1DP
978000	2014-01-06 00:00	SW6 3EF
185000	2014-02-21 00:00	SW16 1TT
635000	2014-01-03 00:00	SW2 3AF
950000	2014-01-31 00:00	SW6 6AF
414950	2014-02-21 00:00	SW16 5FS
740000	2014-01-21 00:00	SW4 9EQ
757500	2014-01-31 00:00	SW15 5QS
1500000	2014-02-07 00:00	SW13 0BT
933000	2014-02-05 00:00	SW12 9QW
482500	2014-01-31 00:00	SW16 5FS
1295000	2014-02-07 00:00	SW18 1TR
552000	2014-02-14 00:00	SW15 3ND
335000	2014-01-28 00:00	SW11 3HF
208000	2014-02-10 00:00	SW15 6JG
175000	2014-01-27 00:00	SW19 7BD
310000	2014-02-14 00:00	SW19 1LJ
420000	2014-02-05 00:00	SW19 5LN
560000	2014-01-17 00:00	SW18 4FY
890000	2014-02-27 00:00	SW19 8DB
395000	2014-02-06 00:00	SW6 1JP
665000	2014-03-12 00:00	SW5 9PD
553000	2014-01-31 00:00	SW11 5ST
401067	2014-03-28 00:00	SW15 6DE
655000	2014-03-24 00:00	SW7 4DE
310000	2014-02-17 00:00	SW16 4RQ
525000	2014-03-03 00:00	SW18 1TR
657900	2014-01-31 00:00	SW2 3HG
2155000	2014-02-28 00:00	SW3 4LF
1038000	2014-01-08 00:00	SW17 8ER
225000	2014-02-11 00:00	SW9 8QE
331331	2014-01-03 00:00	SW6 4NS
382500	2014-03-13 00:00	SW17 8HX
275000	2014-03-13 00:00	SW16 5JY
645000	2014-01-10 00:00	SW18 4FW
675000	2014-01-14 00:00	SW19 4PQ
430000	2014-03-12 00:00	SW19 3BP
325000	2014-02-07 00:00	SW4 9QT
1400000	2014-03-18 00:00	SW11 4EZ
240000	2014-02-14 00:00	SW19 1TU
499950	2014-01-10 00:00	SW19 8TG
325000	2014-02-14 00:00	SW16 4HX
500000	2014-02-14 00:00	SW13 9DH
235000	2014-02-14 00:00	SW19 8JN
1320000	2014-02-28 00:00	SW1W 8QN
768000	2014-01-09 00:00	SW16 1JA
345000	2014-02-28 00:00	SW18 3SG
720000	2014-01-24 00:00	SW16 5NP
594000	2014-03-14 00:00	SW18 3TD
520000	2014-02-05 00:00	SW18 1RT
620000	2014-02-18 00:00	SW11 1PE
495000	2014-01-06 00:00	SW15 3PB
431500	2014-01-10 00:00	SW17 8NX
2950000	2014-02-24 00:00	SW1W 9LT
3500000	2014-01-31 00:00	SW5 0DL
999950	2014-03-21 00:00	SW11 4EG
440000	2014-02-13 00:00	SW6 1JB
802000	2014-02-13 00:00	SW12 8EE
591500	2014-01-27 00:00	SW12 8AJ
1800000	2014-02-24 00:00	SW4 9JL
315000	2014-01-24 00:00	SW20 8HH
259950	2014-03-24 00:00	SW16 1QH
346000	2014-03-21 00:00	SW17 9JZ
615000	2014-01-06 00:00	SW4 7LD
850000	2014-01-20 00:00	SW17 7PL
860000	2014-02-28 00:00	SW18 2EF
670000	2014-03-21 00:00	SW2 2DS
650000	2014-01-24 00:00	SW11 3GX
299950	2014-02-04 00:00	SW2 2EX
388000	2014-01-21 00:00	SW18 4FY
299950	2014-01-28 00:00	SW15 3AA
840000	2014-02-11 00:00	SW16 6RP
548126	2014-01-10 00:00	SW4 7SE
685000	2014-01-31 00:00	SW11 1RQ
550000	2014-01-20 00:00	SW18 2NN
1999999	2014-03-07 00:00	SW1V 3QP
1550000	2014-02-07 00:00	SW13 8HA
660000	2014-02-14 00:00	SW6 1SJ
640000	2014-02-28 00:00	SW4 9AZ
465100	2014-01-10 00:00	SW9 9RY
1100000	2014-01-20 00:00	SW10 9BS
665000	2014-03-17 00:00	SW18 1DU
650000	2014-02-21 00:00	SW9 0LS
2150000	2014-02-11 00:00	SW6 2JT
625000	2014-01-31 00:00	SW15 1LN
170000	2014-03-14 00:00	SW6 2QR
780000	2014-02-17 00:00	SW5 0HQ
250000	2014-01-10 00:00	SW1V 3BD
400000	2014-01-24 00:00	SW6 6AQ
740000	2014-02-07 00:00	SW17 7QQ
875000	2014-02-28 00:00	SW10 9HB
1400000	2014-01-09 00:00	SW7 4QA
1150000	2014-01-07 00:00	SW6 6AH
1655000	2014-02-14 00:00	SW15 5FD
2585000	2014-02-28 00:00	SW15 5QR
3925000	2014-03-07 00:00	SW3 5NT
355000	2014-03-11 00:00	SW19 3PS
440000	2014-03-18 00:00	SW11 3GZ
205000	2014-01-09 00:00	SW3 3TS
325000	2014-01-14 00:00	SW14 8HW
380000	2014-02-20 00:00	SW4 9PB
890000	2014-01-08 00:00	SW3 6AJ
224000	2014-03-10 00:00	SW15 3AE
1000000	2014-01-30 00:00	SW5 9ET
535000	2014-02-07 00:00	SW17 0DG
355000	2014-02-21 00:00	SW2 2YE
630000	2014-02-28 00:00	SW6 2NE
852789	2014-01-31 00:00	SW8 3TA
620000	2014-01-17 00:00	SW15 6RZ
1531000	2014-03-21 00:00	SW11 6BG
465000	2014-02-28 00:00	SW4 0RP
2700000	2014-02-27 00:00	SW5 0ED
1495000	2014-01-13 00:00	SW7 5QQ
2685000	2014-03-05 00:00	SW13 9RH
700000	2014-02-14 00:00	SW16 3DX
475000	2014-01-17 00:00	SW17 8AH
5700000	2014-02-10 00:00	SW7 1RH
5520000	2014-01-17 00:00	SW4 0QX
466500	2014-03-21 00:00	SW4 7TY
702030	2014-03-05 00:00	SW18 2DN
375000	2014-01-10 00:00	SW9 6AN
1350000	2014-02-05 00:00	SW1V 2AB
860000	2014-01-31 00:00	SW18 5BT
420881	2014-01-03 00:00	SW18 3DB
1175000	2014-03-07 00:00	SW6 7LT
650000	2014-01-21 00:00	SW6 2LA
250000	2014-01-20 00:00	SW16 4LA
3650000	2014-02-26 00:00	SW3 4QE
249950	2014-03-13 00:00	SW2 3UH
310000	2014-01-03 00:00	SW18 4BE
304000	2014-02-07 00:00	SW2 1HY
770000	2014-01-20 00:00	SW11 5XB
250000	2014-01-28 00:00	SW16 5QD
345000	2014-02-25 00:00	SW5 9PR
820000	2014-01-22 00:00	SW3 4HJ
521000	2014-02-14 00:00	SW2 2BH
382555	2014-01-17 00:00	SW19 1ER
840000	2014-01-06 00:00	SW17 7PL
367500	2014-01-09 00:00	SW2 5DR
610000	2014-02-03 00:00	SW11 4BJ
105000	2014-02-10 00:00	SW19 2HD
940000	2014-02-14 00:00	SW18 5DU
595000	2014-01-06 00:00	SW5 9NF
530000	2014-01-03 00:00	SW4 9SH
1056750	2014-01-24 00:00	SW12 0NZ
293123	2014-01-22 00:00	SW4 0AA
399000	2014-01-23 00:00	SW12 9PJ
630000	2014-02-17 00:00	SW10 9BW
498200	2014-02-20 00:00	SW19 8QA
650000	2014-01-10 00:00	SW19 1JG
705000	2014-01-27 00:00	SW3 2JZ
525000	2014-03-07 00:00	SW16 6PT
185000	2014-01-29 00:00	SW17 7JZ
4650000	2014-02-10 00:00	SW3 2RB
250000	2014-01-10 00:00	SW15 4AT
850000	2014-02-21 00:00	SW16 1JA
1215000	2014-01-28 00:00	SW6 4PP
405000	2014-01-21 00:00	SW2 2AN
618000	2014-01-31 00:00	SW1V 2QT
395000	2014-02-10 00:00	SW19 8JT
610000	2014-02-28 00:00	SW2 5NR
1400000	2014-01-30 00:00	SW15 6UG
675000	2014-01-10 00:00	SW14 8BS
452000	2014-02-28 00:00	SW2 2LN
445000	2014-02-03 00:00	SW1P 4LG
625000	2014-01-17 00:00	SW16 6RF
2200000	2014-02-06 00:00	SW1Y 6JT
270000	2014-02-04 00:00	SW19 6EY
450000	2014-02-27 00:00	SW15 6TW
745000	2014-01-14 00:00	SW4 0BG
248000	2014-02-19 00:00	SW19 3NW
665000	2014-02-07 00:00	SW14 7HP
800000	2014-01-23 00:00	SW11 1JJ
439950	2014-02-14 00:00	SW15 5AD
435000	2014-01-27 00:00	SW11 4DF
300000	2014-01-10 00:00	SW9 9HJ
315000	2014-02-27 00:00	SW6 4HS
650000	2014-03-20 00:00	SW9 0AP
2000000	2014-02-06 00:00	SW1W 8DT
183000	2014-01-24 00:00	SW17 9PX
1725000	2014-01-31 00:00	SW6 6NF
340000	2014-02-28 00:00	SW16 5HN
456000	2014-01-27 00:00	SW17 6DD
745000	2014-02-05 00:00	SW15 2LS
1440000	2014-02-07 00:00	SW6 7BX
637500	2014-03-17 00:00	SW7 4XB
375000	2014-01-10 00:00	SW11 2QU
1400000	2014-03-27 00:00	SW3 2AA
1749600	2014-01-03 00:00	SW6 4UP
1050000	2014-02-19 00:00	SW16 1LD
591000	2014-01-31 00:00	SW15 2AU
515000	2014-02-21 00:00	SW15 6JT
465000	2014-01-10 00:00	SW20 0PZ
250000	2014-02-07 00:00	SW14 8AE
303500	2014-02-28 00:00	SW11 6JE
335000	2014-01-31 00:00	SW10 0ER
780000	2014-01-17 00:00	SW15 3RA
635000	2014-01-13 00:00	SW15 5GA
1700000	2014-01-10 00:00	SW15 1AH
275000	2014-01-06 00:00	SW14 7HL
500000	2014-03-12 00:00	SW15 1NL
650000	2014-01-15 00:00	SW4 6SP
320000	2014-01-09 00:00	SW16 4TF
625000	2014-02-14 00:00	SW4 9HF
514807	2014-03-03 00:00	SW2 5AN
1075000	2014-01-24 00:00	SW8 3SR
999950	2014-01-13 00:00	SW15 6JW
1100000	2014-01-17 00:00	SW7 5QX
217000	2014-01-30 00:00	SW19 4LS
475000	2014-01-07 00:00	SW14 8LP
321000	2014-01-17 00:00	SW11 2TS
465000	2014-03-14 00:00	SW11 2DG
524000	2014-01-20 00:00	SW15 1EU
1450000	2014-01-08 00:00	SW5 9DP
300000	2014-01-17 00:00	SW2 2YP
625000	2014-01-31 00:00	SW16 3HA
2275000	2014-02-28 00:00	SW7 5NX
325177	2014-01-17 00:00	SW2 3AL
309000	2014-01-24 00:00	SW4 0DT
405575	2014-01-09 00:00	SW12 8RA
295000	2014-03-20 00:00	SW2 2QE
885000	2014-01-07 00:00	SW10 9PT
345000	2014-01-10 00:00	SW17 8LA
274950	2014-03-03 00:00	SW15 3AD
70000	2014-01-17 00:00	SW18 4GF
355000	2014-02-10 00:00	SW15 2PA
1475000	2014-01-24 00:00	SW14 8JU
593000	2014-03-14 00:00	SW1P 4BE
265000	2014-01-13 00:00	SW18 2RZ
960000	2014-01-24 00:00	SW18 1RR
318000	2014-01-20 00:00	SW6 1PS
500000	2014-03-07 00:00	SW12 9NS
490000	2014-02-27 00:00	SW4 9DT
1792375	2014-01-22 00:00	SW3 4AJ
750000	2014-01-06 00:00	SW11 3RS
279247	2014-01-15 00:00	SW9 6AN
1879500	2014-03-10 00:00	SW7 4RL
700000	2014-01-06 00:00	SW12 0DD
218000	2014-02-12 00:00	SW19 1DA
1200000	2014-01-08 00:00	SW5 9DP
271000	2014-02-21 00:00	SW18 5RX
525000	2014-01-31 00:00	SW18 3DN
272000	2014-02-21 00:00	SW2 3TP
265000	2014-01-10 00:00	SW20 0AN
345000	2014-02-14 00:00	SW20 0TW
1050000	2014-02-13 00:00	SW17 7DH
2875000	2014-02-05 00:00	SW7 1JH
846995	2014-01-20 00:00	SW17 7PL
550000	2014-01-13 00:00	SW12 9NS
267000	2014-01-15 00:00	SW2 2HU
455000	2014-01-06 00:00	SW19 3HH
215000	2014-01-24 00:00	SW16 1JG
1000000	2014-01-16 00:00	SW18 5DJ
700000	2014-02-28 00:00	SW18 5NZ
695000	2014-02-28 00:00	SW6 5AR
547000	2014-02-21 00:00	SW17 7UG
250000	2014-01-31 00:00	SW19 3BT
1450000	2014-02-28 00:00	SW6 7TZ
250000	2014-03-07 00:00	SW15 3DD
775000	2014-01-10 00:00	SW11 5SR
750000	2014-01-07 00:00	SW6 5HG
1910000	2014-02-28 00:00	SW13 0BX
775000	2014-01-14 00:00	SW8 1QB
680000	2014-02-06 00:00	SW18 1GN
1120000	2014-03-20 00:00	SW12 9LD
250000	2014-02-03 00:00	SW19 5NW
662000	2014-01-31 00:00	SW6 6TT
899999	2014-02-17 00:00	SW8 2DA
250000	2014-01-10 00:00	SW2 4NX
2210000	2014-01-14 00:00	SW11 4PR
499990	2014-02-14 00:00	SW15 5HN
323000	2014-01-28 00:00	SW16 2ST
750000	2014-02-24 00:00	SW1P 4JJ
425000	2014-01-10 00:00	SW19 1ED
2282000	2014-01-21 00:00	SW10 9HU
995000	2014-02-28 00:00	SW1P 3DR
258875	2014-01-16 00:00	SW9 6AN
720000	2014-01-06 00:00	SW1V 3QP
197000	2014-01-21 00:00	SW16 1HE
2200000	2014-01-24 00:00	SW3 6QB
5950000	2014-02-07 00:00	SW13 9EX
1999950	2014-01-06 00:00	SW6 5DR
1500000	2014-03-17 00:00	SW1V 3SN
295000	2014-02-14 00:00	SW9 6BU
182000	2014-02-24 00:00	SW17 6BB
428450	2014-01-30 00:00	SW15 5FN
600000	2014-01-10 00:00	SW11 4BJ
432660	2014-01-10 00:00	SW9 0RF
312525	2014-02-27 00:00	SW20 8LN
730000	2014-02-21 00:00	SW17 0JY
387500	2014-01-20 00:00	SW18 4FY
14880000	2014-01-30 00:00	SW1X 8JL
750550	2014-03-14 00:00	SW11 5AJ
3950123	2014-02-14 00:00	SW5 0EU
335000	2014-01-06 00:00	SW18 2AY
765000	2014-03-14 00:00	SW19 1EZ
4450000	2014-02-17 00:00	SW7 1RH
850000	2014-02-14 00:00	SW12 0JD
417000	2014-01-31 00:00	SW11 2RD
715050	2014-02-07 00:00	SW17 7PQ
1370000	2014-02-07 00:00	SW5 9QR
652000	2014-03-10 00:00	SW20 9DN
400000	2014-01-15 00:00	SW18 4FY
1243000	2014-01-15 00:00	SW6 2AF
2000000	2014-01-07 00:00	SW6 3TD
1200000	2014-01-23 00:00	SW11 6BT
594950	2014-02-21 00:00	SW6 2NG
737000	2014-02-03 00:00	SW19 8JX
835000	2014-01-10 00:00	SW18 1GN
440000	2014-01-31 00:00	SW15 5FN
427550	2014-01-17 00:00	SW2 3AH
635500	2014-01-06 00:00	SW6 2LF
567500	2014-03-13 00:00	SW19 4NP
592888	2014-03-11 00:00	SW1P 1QQ
762000	2014-01-20 00:00	SW15 5EH
328000	2014-01-15 00:00	SW17 0EE
323000	2014-03-20 00:00	SW16 5JA
686500	2014-03-14 00:00	SW18 2NN
143500	2014-03-07 00:00	SW2 4QP
275000	2014-01-31 00:00	SW8 1HX
310000	2014-01-06 00:00	SW17 7JF
1600000	2014-01-24 00:00	SW5 0SD
430000	2014-03-07 00:00	SW18 5PD
380000	2014-01-24 00:00	SW11 5AS
690000	2014-02-26 00:00	SW16 4LW
209950	2014-01-31 00:00	SW16 5HD
675000	2014-01-31 00:00	SW11 5PA
240000	2014-01-17 00:00	SW16 2UG
900000	2014-03-03 00:00	SW18 5JF
725000	2014-01-23 00:00	SW6 2SH
245000	2014-03-07 00:00	SW2 4QL
995000	2014-02-28 00:00	SW6 7JY
685000	2014-01-03 00:00	SW1P 2NW
497800	2014-02-28 00:00	SW15 5FN
325000	2014-02-28 00:00	SW16 1QW
695000	2014-01-27 00:00	SW11 4DQ
347500	2014-03-21 00:00	SW11 3PY
627627	2014-02-07 00:00	SW20 8LU
445000	2014-01-03 00:00	SW15 1NR
315000	2014-01-10 00:00	SW16 5HH
1150000	2014-01-07 00:00	SW6 3SG
141000	2014-02-07 00:00	SW16 6HH
531000	2014-03-11 00:00	SW16 6AZ
312000	2014-01-17 00:00	SW8 4UU
675000	2014-01-31 00:00	SW12 0JX
725000	2014-01-13 00:00	SW3 6JY
615000	2014-02-14 00:00	SW17 8DX
590000	2014-01-24 00:00	SW19 1AW
320825	2014-01-16 00:00	SW9 8AS
322500	2014-01-24 00:00	SW18 1JL
720000	2014-01-24 00:00	SW19 1LP
2175000	2014-02-28 00:00	SW3 2SQ
3550000	2014-02-03 00:00	SW1E 5BJ
710000	2014-02-14 00:00	SW15 3TY
634500	2014-01-31 00:00	SW11 5ER
590000	2014-01-29 00:00	SW11 2RU
315000	2014-02-28 00:00	SW17 9DH
495000	2014-03-11 00:00	SW18 2NL
4200000	2014-01-10 00:00	SW3 4BJ
440000	2014-01-27 00:00	SW17 8HY
2485800	2014-03-13 00:00	SW1X 0EU
250000	2014-02-21 00:00	SW19 6DX
590000	2014-01-31 00:00	SW13 9BU
412000	2014-01-20 00:00	SW17 9DS
390000	2014-02-28 00:00	SW11 1RB
1150000	2014-01-17 00:00	SW18 1BE
625000	2014-01-03 00:00	SW15 2JE
375000	2014-01-31 00:00	SW18 4HU
485000	2014-02-21 00:00	SW9 0BZ
999999	2014-02-19 00:00	SW12 0HA
2450000	2014-02-17 00:00	SW18 3LG
319535	2014-01-30 00:00	SW16 2BU
1965000	2014-01-15 00:00	SW6 6HE
425000	2014-01-24 00:00	SW1V 3HY
263625	2014-01-06 00:00	SW9 6AN
299950	2014-03-03 00:00	SW16 4BL
1715000	2014-02-07 00:00	SW18 3NL
479950	2014-01-24 00:00	SW6 5JB
740000	2014-01-17 00:00	SW4 7LF
1000000	2014-01-24 00:00	SW3 2ST
520000	2014-01-20 00:00	SW1V 3EP
495000	2014-02-07 00:00	SW19 8HF
235000	2014-03-03 00:00	SW18 5EF
290000	2014-01-24 00:00	SW1V 2SU
1125000	2014-01-10 00:00	SW18 5BJ
467400	2014-01-30 00:00	SW15 5FN
580000	2014-01-16 00:00	SW9 8BP
504000	2014-03-13 00:00	SW2 5HY
345000	2014-02-24 00:00	SW1V 3BA
595000	2014-02-21 00:00	SW1P 4BJ
2950000	2014-02-11 00:00	SW18 1ND
3595000	2014-02-14 00:00	SW7 1NG
566000	2014-01-10 00:00	SW17 7HH
1150000	2014-01-30 00:00	SW5 0NQ
392000	2014-01-31 00:00	SW16 6DB
635000	2014-01-10 00:00	SW19 8QE
470000	2014-01-13 00:00	SW8 1UB
172000	2014-01-07 00:00	SW17 7JT
375000	2014-01-21 00:00	SW18 4FY
825000	2014-01-09 00:00	SW1W 8BJ
437258	2014-01-31 00:00	SW15 3SR
945000	2014-01-31 00:00	SW20 8NL
2000000	2014-02-21 00:00	SW10 9DD
180000	2014-01-16 00:00	SW9 7EG
492500	2014-03-14 00:00	SW9 0BH
945000	2014-02-14 00:00	SW2 4PP
845000	2014-01-06 00:00	SW14 8NN
935000	2014-02-18 00:00	SW18 3EQ
500000	2014-01-30 00:00	SW11 1SH
660000	2014-01-31 00:00	SW20 9AT
390000	2014-02-17 00:00	SW11 4BU
340000	2014-01-03 00:00	SW19 2HW
1230032	2014-03-18 00:00	SW7 4AX
495000	2014-02-07 00:00	SW17 8TZ
165000	2014-02-26 00:00	SW19 2SX
215000	2014-01-31 00:00	SW15 3BU
465000	2014-01-17 00:00	SW20 9PA
480000	2014-01-06 00:00	SW4 6EH
285000	2014-01-24 00:00	SW8 2QS
205000	2014-02-21 00:00	SW17 9DL
375000	2014-03-07 00:00	SW6 4RJ
283500	2014-01-16 00:00	SW9 6AN
350000	2014-01-13 00:00	SW8 4ER
480000	2014-01-31 00:00	SW17 8NS
430000	2014-02-21 00:00	SW18 4GA
999950	2014-03-05 00:00	SW11 5BH
1225000	2014-01-14 00:00	SW12 8RJ
421150	2014-01-27 00:00	SW17 9HB
840000	2014-02-03 00:00	SW9 9EF
520000	2014-02-14 00:00	SW19 1DW
230000	2014-03-10 00:00	SW4 8PH
359950	2014-02-06 00:00	SW19 1LN
826000	2014-02-26 00:00	SW1P 2QE
445000	2014-03-05 00:00	SW6 4HS
305000	2014-02-06 00:00	SW18 2AQ
204950	2014-03-03 00:00	SW16 2UA
315000	2014-03-07 00:00	SW16 2SF
638000	2014-01-31 00:00	SW19 5HX
1330000	2014-01-30 00:00	SW20 8TN
400000	2014-01-29 00:00	SW19 7ES
518000	2014-02-14 00:00	SW11 2LT
5250000	2014-01-31 00:00	SW1W 9BE
420000	2014-01-27 00:00	SW8 1EA
2635000	2014-01-24 00:00	SW17 7AG
1175000	2014-01-07 00:00	SW11 2RG
337000	2014-01-31 00:00	SW15 1EE
330000	2014-03-04 00:00	SW11 4HZ
220000	2014-01-29 00:00	SW2 4LZ
525000	2014-02-19 00:00	SW18 4UR
186500	2014-01-10 00:00	SW9 7TH
209950	2014-01-03 00:00	SW9 6PE
2400000	2014-01-15 00:00	SW19 4TG
563000	2014-03-12 00:00	SW11 5PZ
499000	2014-03-10 00:00	SW20 8JY
1500000	2014-01-17 00:00	SW16 1QL
600000	2014-03-10 00:00	SW4 6DR
325000	2014-02-14 00:00	SW4 8BF
685000	2014-01-31 00:00	SW19 6DS
450000	2014-02-07 00:00	SW6 7JX
250000	2014-01-06 00:00	SW15 3PN
440000	2014-02-28 00:00	SW18 3HB
595000	2014-03-21 00:00	SW15 2AU
1360000	2014-02-19 00:00	SW18 2QQ
250000	2014-01-31 00:00	SW8 3DD
235000	2014-02-21 00:00	SW2 3DS
425087	2014-03-04 00:00	SW17 8AJ
295000	2014-02-21 00:00	SW20 0DN
345750	2014-02-14 00:00	SW16 2UU
325000	2014-02-28 00:00	SW4 8AG
530000	2014-03-05 00:00	SW18 2DT
355000	2014-02-20 00:00	SW20 8ND
2650000	2014-01-29 00:00	SW6 3TE
2650000	2014-01-24 00:00	SW14 7EN
925000	2014-02-03 00:00	SW19 3SS
655000	2014-01-17 00:00	SW19 8SE
335000	2014-01-10 00:00	SW16 2AS
570000	2014-01-08 00:00	SW1W 8DF
995000	2014-02-28 00:00	SW6 2LX
980000	2014-01-06 00:00	SW6 7BU
418000	2014-01-23 00:00	SW11 2RB
1631000	2014-01-07 00:00	SW6 7JW
1295000	2014-01-09 00:00	SW13 9HP
398000	2014-02-18 00:00	SW1P 4LQ
2750000	2014-01-24 00:00	SW18 3DB
6600000	2014-02-12 00:00	SW3 5JS
615000	2014-03-10 00:00	SW20 0BH
499950	2014-01-22 00:00	SW4 7QJ
285000	2014-01-08 00:00	SW19 6LE
745000	2014-01-14 00:00	SW4 0BG
410000	2014-01-09 00:00	SW8 4UU
395000	2014-03-26 00:00	SW8 1JP
1100000	2014-03-06 00:00	SW18 1BE
330000	2014-01-27 00:00	SW9 6BU
400000	2014-03-17 00:00	SW12 8QZ
275000	2014-01-31 00:00	SW11 2NP
3950000	2014-02-14 00:00	SW1X 0LG
795000	2014-03-07 00:00	SW6 7UE
242000	2014-02-14 00:00	SW18 3DB
498000	2014-01-10 00:00	SW8 2AU
620000	2014-01-27 00:00	SW1V 3QP
2430000	2014-01-09 00:00	SW3 4AR
250000	2014-02-28 00:00	SW16 5XQ
512000	2014-02-28 00:00	SW4 6EX
267777	2014-02-19 00:00	SW4 6HG
535000	2014-01-07 00:00	SW20 9HQ
288500	2014-01-16 00:00	SW9 6AN
840000	2014-02-11 00:00	SW6 2FL
345000	2014-03-26 00:00	SW9 9BA
151000	2014-01-24 00:00	SW16 1TU
4150000	2014-02-25 00:00	SW3 2LS
950000	2014-02-07 00:00	SW18 3BE
353000	2014-01-31 00:00	SW8 2DE
640000	2014-01-31 00:00	SW19 8PS
2904125	2014-01-23 00:00	SW1X 9SA
280000	2014-03-17 00:00	SW17 9LL
925000	2014-03-07 00:00	SW10 9EX
540000	2014-01-17 00:00	SW12 8EZ
430000	2014-02-28 00:00	SW9 0JP
1895000	2014-01-10 00:00	SW20 8EY
355000	2014-02-14 00:00	SW15 2SY
875000	2014-02-05 00:00	SW1P 2NB
420000	2014-01-24 00:00	SW17 7UB
1200000	2014-02-14 00:00	SW1H 0HX
242500	2014-01-09 00:00	SW17 9SW
535000	2014-02-03 00:00	SW19 3SF
537500	2014-01-31 00:00	SW17 8RR
600000	2014-02-10 00:00	SW6 2BS
395000	2014-02-14 00:00	SW6 7BA
1270750	2014-02-24 00:00	SW4 9EJ
1975000	2014-01-17 00:00	SW6 4UB
1197500	2014-02-28 00:00	SW5 9DY
499999	2014-02-14 00:00	SW2 4BE
300000	2014-03-07 00:00	SW2 2TZ
510000	2014-01-23 00:00	SW5 0SP
750000	2014-02-26 00:00	SW8 3RQ
970000	2014-01-23 00:00	SW5 9PD
1600000	2014-02-07 00:00	SW6 3SG
1425000	2014-02-21 00:00	SW10 9DH
1200000	2014-01-29 00:00	SW18 1PZ
5450000	2014-01-14 00:00	SW7 5EH
250000	2014-01-08 00:00	SW12 8PX
520000	2014-01-24 00:00	SW17 7RW
499088	2014-01-06 00:00	SW9 0LS
652500	2014-01-07 00:00	SW11 3GZ
1100000	2014-01-10 00:00	SW18 1FQ
795000	2014-01-24 00:00	SW11 3GY
580000	2014-02-06 00:00	SW20 8HZ
600000	2014-01-09 00:00	SW19 8QD
225000	2014-03-10 00:00	SW2 4AR
625000	2014-02-26 00:00	SW5 9AS
3400000	2014-01-15 00:00	SW7 2QJ
338000	2014-01-17 00:00	SW19 3QW
1410000	2014-03-07 00:00	SW11 5JX
299950	2014-03-06 00:00	SW16 4JF
330000	2014-01-31 00:00	SW16 5QQ
242500	2014-02-20 00:00	SW19 2EP
405000	2014-01-24 00:00	SW3 1AX
395000	2014-01-24 00:00	SW13 9AU
300000	2014-03-07 00:00	SW16 6TZ
615000	2014-02-12 00:00	SW19 8SH
2200000	2014-02-17 00:00	SW6 1EA
685000	2014-03-10 00:00	SW1V 4AH
1130000	2014-01-10 00:00	SW7 3AB
2220000	2014-02-10 00:00	SW8 2DA
4040000	2014-03-20 00:00	SW1X 8LZ
1325000	2014-02-27 00:00	SW12 8LN
567000	2014-02-03 00:00	SW14 7BG
465000	2014-02-07 00:00	SW17 8DT
660000	2014-02-28 00:00	SW16 2BU
420175	2014-02-25 00:00	SW12 8AP
290000	2014-01-24 00:00	SW16 1DN
590000	2014-02-27 00:00	SW8 1BS
434950	2014-01-31 00:00	SW16 5FP
249999	2014-02-05 00:00	SW17 9NY
550000	2014-02-14 00:00	SW12 0EQ
970000	2014-02-24 00:00	SW8 2DA
315000	2014-02-28 00:00	SW17 7UD
185000	2014-01-22 00:00	SW2 4AR
468800	2014-02-10 00:00	SW6 5SB
330000	2014-01-07 00:00	SW9 0BG
265000	2014-02-28 00:00	SW16 2PL
245000	2014-02-11 00:00	SW2 1QX
1575000	2014-01-06 00:00	SW11 6AU
460000	2014-02-21 00:00	SW11 4BT
700000	2014-02-04 00:00	SW11 6NN
200000	2014-01-24 00:00	SW16 4SF
800000	2014-03-21 00:00	SW2 2DJ
500000	2014-02-03 00:00	SW18 4HH
401500	2014-02-10 00:00	SW20 0AW
315000	2014-01-10 00:00	SW8 4UU
660000	2014-02-19 00:00	SW6 1SZ
351000	2014-01-03 00:00	SW12 0DG
690000	2014-02-20 00:00	SW20 0QJ
2775000	2014-02-28 00:00	SW11 4NX
690000	2014-01-10 00:00	SW19 8JP
376250	2014-01-06 00:00	SW18 3QU
110000	2014-02-18 00:00	SW16 2AS
446000	2014-01-31 00:00	SW17 9DU
500000	2014-02-12 00:00	SW5 0HE
350000	2014-01-06 00:00	SW17 8HS
420000	2014-01-30 00:00	SW15 3SS
517500	2014-02-24 00:00	SW6 6BU
500000	2014-01-10 00:00	SW4 6LT
3050000	2014-02-06 00:00	SW10 9LJ
475000	2014-01-08 00:00	SW18 4FY
599950	2014-02-07 00:00	SW10 9AP
248000	2014-03-06 00:00	SW19 2SX
440000	2014-03-03 00:00	SW11 3UF
950000	2014-03-14 00:00	SW18 5HF
305000	2014-01-28 00:00	SW20 8JP
350000	2014-03-14 00:00	SW16 5SY
242000	2014-02-21 00:00	SW9 0XY
1401000	2014-01-22 00:00	SW17 8EN
104000	2014-02-24 00:00	SW19 2JX
1600000	2014-01-08 00:00	SW6 5LW
499999	2014-03-07 00:00	SW20 8EF
362000	2014-02-28 00:00	SW16 3NZ
525000	2014-01-28 00:00	SW17 7HP
1250000	2014-02-13 00:00	SW19 3HG
285000	2014-01-31 00:00	SW19 2EJ
2220000	2014-02-06 00:00	SW7 4AZ
1850000	2014-02-21 00:00	SW6 3QJ
220000	2014-03-03 00:00	SW4 7DE
1150000	2014-01-31 00:00	SW14 8SP
635000	2014-02-26 00:00	SW8 3PS
500000	2014-02-17 00:00	SW6 2FJ
245000	2014-01-31 00:00	SW9 0UP
1040000	2014-02-05 00:00	SW15 3SE
315000	2014-01-09 00:00	SW8 4UU
712500	2014-02-14 00:00	SW18 3RA
405000	2014-01-31 00:00	SW2 2AN
405000	2014-02-14 00:00	SW8 1XP
250000	2014-03-11 00:00	SW16 6PR
475000	2014-01-14 00:00	SW3 3TH
1235000	2014-02-14 00:00	SW11 3DP
3400000	2014-02-14 00:00	SW10 0UU
390000	2014-01-21 00:00	SW6 1PP
615000	2014-03-05 00:00	SW11 4EG
1395000	2014-02-25 00:00	SW18 2QF
375000	2014-01-10 00:00	SW18 4FY
580000	2014-01-31 00:00	SW18 3HD
1695000	2014-02-13 00:00	SW19 3RB
850000	2014-01-20 00:00	SW17 7PL
221000	2014-02-03 00:00	SW9 0UY
192000	2014-01-10 00:00	SW19 6RT
356500	2014-02-18 00:00	SW19 7AQ
765000	2014-03-03 00:00	SW4 9BA
410000	2014-01-03 00:00	SW18 1SQ
215000	2014-01-31 00:00	SW16 2QN
255000	2014-02-28 00:00	SW15 3AE
415000	2014-03-21 00:00	SW18 4JG
439950	2014-01-24 00:00	SW2 2TZ
280000	2014-03-05 00:00	SW14 8LP
650000	2014-01-08 00:00	SW6 5JD
1375000	2014-02-04 00:00	SW10 9JJ
425000	2014-03-14 00:00	SW16 1QE
234000	2014-03-19 00:00	SW19 8NL
1150000	2014-03-21 00:00	SW6 7JZ
650000	2014-02-14 00:00	SW1V 2BH
370000	2014-02-04 00:00	SW18 4FY
361500	2014-03-07 00:00	SW16 2AX
775000	2014-01-03 00:00	SW11 4BT
1999999	2014-01-17 00:00	SW14 7LQ
240000	2014-01-31 00:00	SW16 2QW
1250000	2014-01-31 00:00	SW10 9JP
1999999	2014-01-29 00:00	SW10 9RG
3650000	2014-01-17 00:00	SW3 4DH
597500	2014-01-15 00:00	SW6 6PA
295000	2014-02-10 00:00	SW18 5PX
3650000	2014-01-09 00:00	SW19 7PP
300000	2014-02-12 00:00	SW8 4XB
790000	2014-01-24 00:00	SW11 5LE
475000	2014-01-31 00:00	SW16 5FS
400000	2014-02-06 00:00	SW6 2FB
475000	2014-02-21 00:00	SW19 4LL
350000	2014-02-21 00:00	SW6 4HS
950000	2014-02-18 00:00	SW8 2AU
367125	2014-01-28 00:00	SW5 9JZ
460222	2014-02-14 00:00	SW6 6BH
1090000	2014-02-28 00:00	SW18 5DU
375000	2014-01-31 00:00	SW17 9QX
250000	2014-03-21 00:00	SW16 2HL
775000	2014-01-24 00:00	SW18 2AJ
425000	2014-01-23 00:00	SW6 4AA
1800000	2014-01-07 00:00	SW6 3SD
572500	2014-01-08 00:00	SW15 6AQ
360000	2014-02-24 00:00	SW16 2UG
1900000	2014-03-07 00:00	SW6 3QJ
417500	2014-01-17 00:00	SW17 8BE
585000	2014-02-27 00:00	SW15 1BN
600000	2014-01-24 00:00	SW12 8EZ
3120000	2014-02-26 00:00	SW6 3SN
650000	2014-01-07 00:00	SW20 0RW
1300000	2014-02-04 00:00	SW13 8HS
975000	2014-01-17 00:00	SW10 9QZ
343888	2014-01-30 00:00	SW9 6AN
310000	2014-03-07 00:00	SW15 3HR
940000	2014-03-03 00:00	SW2 2BL
588000	2014-02-14 00:00	SW2 2DR
1595000	2014-03-21 00:00	SW20 8TN
233000	2014-02-21 00:00	SW16 4EB
360000	2014-01-03 00:00	SW6 3DL
286000	2014-02-13 00:00	SW16 3HE
808000	2014-02-28 00:00	SW1P 4JX
343888	2014-01-30 00:00	SW9 6AN
780000	2014-02-07 00:00	SW18 3EE
1350000	2014-01-10 00:00	SW14 8JQ
1100000	2014-01-27 00:00	SW17 7QT
1170000	2014-01-30 00:00	SW1W 9AQ
350000	2014-03-07 00:00	SW1V 3AH
625000	2014-01-17 00:00	SW6 4RH
343000	2014-01-22 00:00	SW18 5PZ
517000	2014-02-07 00:00	SW12 9QA
600000	2014-01-30 00:00	SW6 5JB
199950	2014-03-10 00:00	SW16 5JR
1288800	2014-01-10 00:00	SW6 7JU
242000	2014-02-19 00:00	SW19 7QL
1395000	2014-01-17 00:00	SW6 2LX
2350000	2014-02-14 00:00	SW13 9HJ
375000	2014-01-31 00:00	SW11 2NG
750000	2014-01-06 00:00	SW6 6NF
190000	2014-02-12 00:00	SW11 2JD
470000	2014-03-07 00:00	SW8 2XS
4983000	2014-03-07 00:00	SW10 9TQ
417500	2014-02-28 00:00	SW8 1PP
455000	2014-01-17 00:00	SW17 9TE
895000	2014-01-17 00:00	SW14 8PZ
995000	2014-01-24 00:00	SW1W 8QL
981500	2014-03-04 00:00	SW18 5BW
1820000	2014-01-17 00:00	SW10 9NZ
750000	2014-02-28 00:00	SW5 0PX
2300000	2014-01-17 00:00	SW6 6DT
922500	2014-02-03 00:00	SW18 5EU
652500	2014-02-14 00:00	SW11 3GZ
575000	2014-02-28 00:00	SW18 1QJ
1999999	2014-02-24 00:00	SW10 0XB
525000	2014-02-21 00:00	SW6 4HS
579000	2014-03-07 00:00	SW1V 2QS
1255000	2014-01-21 00:00	SW4 0BZ
347500	2014-01-17 00:00	SW15 1LL
672000	2014-03-17 00:00	SW17 9BG
470000	2014-01-02 00:00	SW15 2DS
445000	2014-01-10 00:00	SW15 3PH
2135000	2014-01-21 00:00	SW6 3TB
350000	2014-02-17 00:00	SW13 0LH
1710000	2014-02-17 00:00	SW8 2BW
442500	2014-01-24 00:00	SW5 9DY
350000	2014-03-21 00:00	SW16 5NW
420000	2014-03-12 00:00	SW2 5EA
946000	2014-01-16 00:00	SW6 7HD
240000	2014-01-09 00:00	SW11 5AT
1800000	2014-01-10 00:00	SW19 3HA
266000	2014-01-24 00:00	SW9 6AN
619169	2014-02-26 00:00	SW17 7QY
835000	2014-03-27 00:00	SW19 8BU
288000	2014-01-10 00:00	SW9 9QE
545000	2014-01-24 00:00	SW18 3LU
292500	2014-02-28 00:00	SW16 5BS
542500	2014-01-30 00:00	SW18 2SA
1200000	2014-02-27 00:00	SW10 9JX
557500	2014-01-14 00:00	SW6 6TE
295000	2014-01-14 00:00	SW8 4UU
2800000	2014-01-07 00:00	SW1X 8BD
669300	2014-01-06 00:00	SW18 1GN
96000	2014-01-10 00:00	SW11 2QY
375000	2014-01-23 00:00	SW18 4FY
330000	2014-03-14 00:00	SW2 5XH
999999	2014-01-31 00:00	SW15 3TL
11250000	2014-02-10 00:00	SW3 2AY
2690000	2014-02-21 00:00	SW19 7JG
645000	2014-03-21 00:00	SW8 2LR
306000	2014-02-20 00:00	SW8 2RS
1850000	2014-02-13 00:00	SW3 4JR
315000	2014-03-14 00:00	SW4 7PB
585000	2014-02-10 00:00	SW18 3AZ
215000	2014-02-05 00:00	SW11 5HG
330000	2014-01-22 00:00	SW4 0AA
1975000	2014-03-13 00:00	SW1Y 6HR
505000	2014-02-27 00:00	SW9 9LL
765000	2014-02-21 00:00	SW20 9AF
500000	2014-01-20 00:00	SW11 5QB
905000	2014-01-27 00:00	SW19 4UF
675000	2014-01-16 00:00	SW11 3GZ
1640000	2014-02-10 00:00	SW8 2DA
310000	2014-02-14 00:00	SW9 6UW
399950	2014-02-14 00:00	SW18 3DX
485000	2014-01-10 00:00	SW19 6NX
185000	2014-02-04 00:00	SW19 2PG
147000	2014-02-07 00:00	SW20 8RR
2350000	2014-02-17 00:00	SW6 4BD
375000	2014-03-21 00:00	SW16 5LD
383000	2014-02-07 00:00	SW16 2EY
415000	2014-02-06 00:00	SW2 3QB
725000	2014-02-28 00:00	SW7 3BB
745000	2014-02-21 00:00	SW20 0LJ
950000	2014-01-06 00:00	SW6 7JZ
655000	2014-01-17 00:00	SW13 9AA
530000	2014-02-28 00:00	SW1V 3QU
499950	2014-01-16 00:00	SW15 6SX
310000	2014-01-06 00:00	SW17 7HJ
250000	2014-02-04 00:00	SW15 3NT
6450000	2014-03-13 00:00	SW3 5LB
350000	2014-01-17 00:00	SW17 0ND
295000	2014-02-28 00:00	SW15 1JT
412000	2014-02-21 00:00	SW1V 3JE
290000	2014-02-12 00:00	SW19 2HX
800000	2014-01-06 00:00	SW11 4SF
342000	2014-01-31 00:00	SW17 0DL
1150000	2014-02-14 00:00	SW14 8RF
199950	2014-03-14 00:00	SW16 6NS
540000	2014-01-30 00:00	SW2 5QX
790000	2014-01-31 00:00	SW15 5FP
5750000	2014-02-26 00:00	SW3 4DH
850000	2014-01-30 00:00	SW11 3EN
239950	2014-01-24 00:00	SW16 1QH
227000	2014-01-07 00:00	SW15 4DD
545000	2014-01-16 00:00	SW18 3QN
1190000	2014-02-03 00:00	SW5 0PA
400021	2014-01-17 00:00	SW16 6BH
525000	2014-03-13 00:00	SW9 0AF
612345	2014-02-28 00:00	SW1P 4LA
635000	2014-01-31 00:00	SW17 9PZ
545000	2014-03-07 00:00	SW15 5ES
2725000	2014-01-06 00:00	SW5 0LD
250000	2014-02-03 00:00	SW9 7LB
530000	2014-01-13 00:00	SW17 9PY
367500	2014-01-31 00:00	SW6 3BX
440152	2014-03-05 00:00	SW2 3BB
499999	2014-02-03 00:00	SW20 0BH
1800000	2014-03-05 00:00	SW1W 0PA
250000	2014-01-24 00:00	SW16 4RD
289989	2014-01-03 00:00	SW17 8TY
1350000	2014-01-20 00:00	SW19 7HJ
470000	2014-01-13 00:00	SW15 3ER
607500	2014-01-24 00:00	SW18 5UN
3425000	2014-01-17 00:00	SW19 7PT
699999	2014-02-10 00:00	SW16 6QR
303000	2014-03-26 00:00	SW1X 7QU
335000	2014-01-24 00:00	SW16 6SN
560000	2014-01-13 00:00	SW18 2EF
1836000	2014-02-14 00:00	SW13 9RJ
470000	2014-02-27 00:00	SW12 0NP
463000	2014-01-15 00:00	SW18 4FY
5300000	2014-02-24 00:00	SW3 4DW
1999999	2014-01-24 00:00	SW7 3PE
268375	2014-01-16 00:00	SW9 6AN
365000	2014-01-15 00:00	SW9 0JD
769995	2014-01-31 00:00	SW1V 2HU
1600000	2014-01-03 00:00	SW15 6LL
290000	2014-01-13 00:00	SW16 1QP
1950000	2014-02-03 00:00	SW3 2RS
143500	2014-01-29 00:00	SW2 2AB
2200000	2014-01-09 00:00	SW1V 1SD
570000	2014-01-30 00:00	SW18 4FY
429950	2014-02-28 00:00	SW12 8AU
1325000	2014-02-28 00:00	SW8 2AU
520000	2014-02-07 00:00	SW4 0NW
575000	2014-03-06 00:00	SW15 3PB
436650	2014-02-14 00:00	SW2 2QP
3000000	2014-02-07 00:00	SW18 3SW
850000	2014-02-05 00:00	SW6 5EG
325000	2014-01-24 00:00	SW2 4QP
345500	2014-02-28 00:00	SW8 2AN
1875000	2014-01-31 00:00	SW7 5LJ
530000	2014-01-06 00:00	SW18 3TD
814000	2014-03-07 00:00	SW19 3AR
420000	2014-01-17 00:00	SW15 5FN
420000	2014-01-30 00:00	SW18 4FY
675000	2014-02-07 00:00	SW18 1BA
1950000	2014-01-17 00:00	SW19 5JT
645000	2014-02-28 00:00	SW19 3AR
630000	2014-03-17 00:00	SW11 2LA
392000	2014-02-25 00:00	SW17 7JJ
855000	2014-01-10 00:00	SW17 7DD
290000	2014-02-14 00:00	SW16 6PP
340000	2014-02-07 00:00	SW16 4LR
420000	2014-01-07 00:00	SW15 4JY
532155	2014-02-27 00:00	SW4 7RB
963243	2014-03-27 00:00	SW19 4EB
490000	2014-01-23 00:00	SW9 7AW
405000	2014-03-25 00:00	SW3 3BB
575000	2014-02-10 00:00	SW12 0HB
2425000	2014-03-03 00:00	SW7 5JP
975000	2014-02-28 00:00	SW9 0BH
124000	2014-02-21 00:00	SW8 4DD
775000	2014-01-17 00:00	SW18 1GN
675000	2014-01-30 00:00	SW15 3LP
285950	2014-03-11 00:00	SW14 7RD
350000	2014-02-21 00:00	SW5 9LS
535000	2014-01-10 00:00	SW18 1GN
1175000	2014-02-14 00:00	SW1P 4JG
1225000	2014-01-17 00:00	SW18 1NL
1580000	2014-02-13 00:00	SW18 1NL
715000	2014-02-12 00:00	SW19 3LA
576000	2014-01-31 00:00	SW6 4EQ
1500000	2014-03-17 00:00	SW6 3UW
984000	2014-03-07 00:00	SW18 1RH
460000	2014-02-19 00:00	SW2 5UJ
1600000	2014-02-11 00:00	SW11 3BG
601000	2014-02-17 00:00	SW1V 2DY
193000	2014-02-04 00:00	SW19 6AL
1315000	2014-02-12 00:00	SW5 0BQ
800000	2014-01-17 00:00	SW15 1AL
1401000	2014-01-27 00:00	SW3 4AP
355000	2014-02-04 00:00	SW18 4FY
795000	2014-01-23 00:00	SW15 5FP
565000	2014-02-13 00:00	SW4 6HS
200000	2014-01-20 00:00	SW8 4NJ
800000	2014-02-28 00:00	SW6 5BS
580000	2014-01-31 00:00	SW15 5FN
315000	2014-03-03 00:00	SW16 4BG
705000	2014-02-17 00:00	SW5 0LT
842000	2014-01-31 00:00	SW16 2AN
690000	2014-03-24 00:00	SW18 4PT
1365000	2014-01-08 00:00	SW6 2SX
1470000	2014-02-14 00:00	SW19 7AR
720000	2014-01-16 00:00	SW4 9RY
495000	2014-01-16 00:00	SW18 3HE
410000	2014-03-18 00:00	SW11 1QB
565000	2014-01-30 00:00	SW6 7EG
320000	2014-01-16 00:00	SW18 4FY
660000	2014-01-24 00:00	SW15 5QY
425000	2014-02-07 00:00	SW19 5LP
3600000	2014-02-14 00:00	SW3 5NU
332000	2014-01-03 00:00	SW16 3DJ
1350000	2014-02-27 00:00	SW18 1QA
489950	2014-01-30 00:00	SW16 5FS
1300000	2014-01-24 00:00	SW1W 8DT
700000	2014-03-14 00:00	SW5 0UA
275828	2014-02-28 00:00	SW6 2FH
840000	2014-01-10 00:00	SW10 0NZ
1850000	2014-01-27 00:00	SW6 5SP
375000	2014-02-13 00:00	SW9 0BX
425000	2014-03-19 00:00	SW20 0SZ
345000	2014-01-31 00:00	SW18 2TR
140000	2014-02-17 00:00	SW2 2ST
985000	2014-01-15 00:00	SW10 0JZ
350000	2014-01-13 00:00	SW16 5EG
1395000	2014-01-08 00:00	SW19 5NE
780000	2014-01-13 00:00	SW11 5PR
332500	2014-01-10 00:00	SW20 0LQ
625000	2014-01-23 00:00	SW18 1TW
1400001	2014-01-31 00:00	SW6 6RH
374600	2014-02-17 00:00	SW16 1QF
301150	2014-01-31 00:00	SW15 5FN
658000	2014-03-17 00:00	SW12 0DE
450000	2014-01-24 00:00	SW5 9HZ
335000	2014-02-21 00:00	SW1W 8DT
310000	2014-03-03 00:00	SW11 1TT
4000000	2014-01-31 00:00	SW3 4TA
640000	2014-03-06 00:00	SW9 7AW
250000	2014-01-23 00:00	SW20 8LL
467000	2014-02-13 00:00	SW18 1ED
880000	2014-01-21 00:00	SW6 7LZ
180000	2014-01-24 00:00	SW9 0DW
540000	2014-01-23 00:00	SW4 7UG
307000	2014-01-10 00:00	SW17 9SR
1665000	2014-03-17 00:00	SW12 8ED
190000	2014-03-14 00:00	SW16 5PX
206955	2014-01-23 00:00	SW17 9DL
425000	2014-01-27 00:00	SW20 8AW
620000	2014-01-10 00:00	SW4 8QG
875000	2014-01-31 00:00	SW18 3EX
157000	2014-01-29 00:00	SW15 3QE
955000	2014-02-28 00:00	SW20 8NW
296000	2014-02-06 00:00	SW19 6JT
1950000	2014-01-22 00:00	SW17 8JS
419000	2014-01-31 00:00	SW17 0AL
310000	2014-01-31 00:00	SW12 0NU
460000	2014-01-31 00:00	SW17 7QG
1800000	2014-02-13 00:00	SW4 0DL
201000	2014-01-31 00:00	SW16 6DH
700000	2014-02-18 00:00	SW10 9JX
475000	2014-01-31 00:00	SW18 3HE
195000	2014-03-10 00:00	SW1V 2TQ
450000	2014-01-03 00:00	SW17 0RS
220000	2014-02-18 00:00	SW11 5HU
660000	2014-01-09 00:00	SW1V 3DZ
695000	2014-02-17 00:00	SW2 5BN
305000	2014-01-09 00:00	SW18 4FW
272500	2014-01-15 00:00	SW9 6AN
390000	2014-02-28 00:00	SW8 2JB
1350000	2014-01-31 00:00	SW17 8EN
495000	2014-01-30 00:00	SW17 0HP
1490000	2014-03-03 00:00	SW13 0BE
915500	2014-01-03 00:00	SW6 4SL
183500	2014-03-07 00:00	SW11 2SE
935000	2014-02-28 00:00	SW18 5QP
705000	2014-01-14 00:00	SW9 0TS
975000	2014-03-14 00:00	SW18 5DL
1495000	2014-01-30 00:00	SW11 6DS
680000	2014-02-28 00:00	SW19 3JR
950000	2014-02-04 00:00	SW1P 2QD
600000	2014-03-25 00:00	SW3 5ES
605000	2014-02-11 00:00	SW11 3ER
449950	2014-01-10 00:00	SW17 9SG
1300000	2014-03-12 00:00	SW11 6RW
435000	2014-02-14 00:00	SW18 5RP
845000	2014-01-10 00:00	SW13 0NE
220000	2014-02-14 00:00	SW19 2UH
1100000	2014-01-29 00:00	SW3 6BU
497000	2014-01-21 00:00	SW20 9HQ
1195000	2014-01-31 00:00	SW14 8QX
760000	2014-01-08 00:00	SW1H 0HX
1500000	2014-02-13 00:00	SW4 0AR
635000	2014-01-27 00:00	SW19 6ED
205000	2014-01-08 00:00	SW16 1LY
398000	2014-02-03 00:00	SW17 9HE
390000	2014-01-22 00:00	SW6 6LS
343000	2014-01-10 00:00	SW12 9HW
623000	2014-03-14 00:00	SW19 2EU
2450000	2014-03-21 00:00	SW6 3BA
1980000	2014-01-07 00:00	SW1P 4PT
280000	2014-03-12 00:00	SW16 6QX
1550000	2014-03-20 00:00	SW17 8RE
850000	2014-02-18 00:00	SW16 2EU
366000	2014-03-24 00:00	SW19 3PJ
550000	2014-02-21 00:00	SW6 7QT
259000	2014-01-20 00:00	SW17 9ER
341000	2014-03-07 00:00	SW19 2AG
340000	2014-01-17 00:00	SW17 0EP
677777	2014-03-07 00:00	SW12 9PT
385000	2014-02-12 00:00	SW1W 8QL
885000	2014-01-06 00:00	SW6 5DN
795000	2014-01-17 00:00	SW15 5FP
420000	2014-02-13 00:00	SW2 5DQ
2250000	2014-02-21 00:00	SW8 2BW
1198000	2014-01-17 00:00	SW17 7QP
390000	2014-03-20 00:00	SW16 2NR
265000	2014-01-15 00:00	SW10 9NB
250000	2014-02-26 00:00	SW11 5UT
306000	2014-01-13 00:00	SW19 2BS
540000	2014-02-27 00:00	SW8 4NZ
2400000	2014-02-14 00:00	SW7 3BE
257500	2014-03-21 00:00	SW16 5PN
599999	2014-02-20 00:00	SW18 5TF
595000	2014-01-31 00:00	SW11 5EE
1160000	2014-01-31 00:00	SW18 5DW
318000	2014-03-06 00:00	SW11 5JN
1150000	2014-01-28 00:00	SW18 1JX
3333000	2014-02-28 00:00	SW1V 4EX
2200000	2014-01-15 00:00	SW6 4BD
495000	2014-02-28 00:00	SW8 3HH
290000	2014-03-19 00:00	SW15 4AH
227500	2014-02-11 00:00	SW20 9EA
425000	2014-02-14 00:00	SW18 2TS
1920000	2014-02-17 00:00	SW8 2DU
245000	2014-01-17 00:00	SW16 2SS
640000	2014-01-31 00:00	SW12 8QY
575000	2014-01-08 00:00	SW17 0EE
2600000	2014-02-19 00:00	SW6 6HF
250000	2014-01-24 00:00	SW19 4DA
410000	2014-01-22 00:00	SW18 4FY
1588950	2014-02-07 00:00	SW18 3LH
1240000	2014-01-23 00:00	SW2 5BP
312000	2014-03-07 00:00	SW19 6LR
415000	2014-01-30 00:00	SW18 4FY
1300000	2014-02-07 00:00	SW3 6RS
750000	2014-01-12 00:00	SW18 5UF
550000	2014-01-31 00:00	SW7 4XA
380000	2014-02-21 00:00	SW19 1HG
269950	2014-03-07 00:00	SW19 2EA
499000	2014-03-13 00:00	SW5 0PU
570000	2014-01-31 00:00	SW6 4DU
1700000	2014-02-13 00:00	SW17 8QQ
1720000	2014-01-29 00:00	SW8 2DA
880000	2014-01-22 00:00	SW20 9AB
145000	2014-01-28 00:00	SW8 2NH
495000	2014-02-21 00:00	SW6 4JZ
663217	2014-01-24 00:00	SW16 5PA
1700000	2014-01-24 00:00	SW1V 3QP
925000	2014-01-14 00:00	SW20 8QL
628000	2014-01-08 00:00	SW3 5PN
348500	2014-02-14 00:00	SW17 0JG
500000	2014-01-20 00:00	SW18 5TF
235000	2014-03-07 00:00	SW11 3NA
635000	2014-01-21 00:00	SW19 7LN
336500	2014-03-21 00:00	SW2 4TW
1287000	2014-01-30 00:00	SW10 0UJ
250000	2014-01-28 00:00	SW17 7UQ
280500	2014-02-14 00:00	SW16 5JQ
459850	2014-02-04 00:00	SW2 5BB
208500	2014-02-07 00:00	SW18 4GH
459995	2014-01-31 00:00	SW11 6JF
625000	2014-01-31 00:00	SW7 4XL
598000	2014-01-09 00:00	SW12 0HE
520000	2014-02-21 00:00	SW14 8EL
240000	2014-01-10 00:00	SW18 4PA
725000	2014-02-20 00:00	SW19 8QD
999000	2014-02-28 00:00	SW18 1RS
439000	2014-02-07 00:00	SW18 5TG
477500	2014-01-10 00:00	SW19 7PQ
900000	2014-02-27 00:00	SW17 7BB
285000	2014-02-06 00:00	SW17 0PH
3650000	2014-02-19 00:00	SW3 1LJ
400000	2014-02-14 00:00	SW17 9AH
950000	2014-01-29 00:00	SW18 1AL
600000	2014-01-21 00:00	SW14 8NG
270000	2014-03-07 00:00	SW16 2DX
370000	2014-02-07 00:00	SW17 9PW
715000	2014-02-20 00:00	SW18 1TT
485000	2014-01-17 00:00	SW17 0LY
1623500	2014-03-14 00:00	SW6 7UF
560000	2014-01-13 00:00	SW17 9QG
788000	2014-03-04 00:00	SW1P 1DS
320000	2014-02-28 00:00	SW15 5ES
225000	2014-02-14 00:00	SW2 2EZ
435000	2014-02-20 00:00	SW9 9RG
135000	2014-01-07 00:00	SW11 3JS
499950	2014-02-19 00:00	SW19 6EF
715000	2014-02-28 00:00	SW3 3DP
686000	2014-01-31 00:00	SW11 1HD
675000	2014-01-14 00:00	SW11 3GX
315000	2014-01-17 00:00	SW9 6BU
390000	2014-01-31 00:00	SW18 1AU
1450000	2014-02-13 00:00	SW17 7AE
385000	2014-02-28 00:00	SW8 1QD
525000	2014-02-07 00:00	SW4 7TP
700000	2014-02-12 00:00	SW11 5UX
735000	2014-03-17 00:00	SW4 7TP
13000000	2014-01-17 00:00	SW1X 0JU
462000	2014-01-27 00:00	SW17 9SB
195000	2014-01-17 00:00	SW16 1RH
785000	2014-01-24 00:00	SW20 8RD
262000	2014-02-25 00:00	SW18 2AD
475000	2014-01-09 00:00	SW15 1ET
1875000	2014-03-06 00:00	SW13 0BT
335000	2014-01-06 00:00	SW5 0PU
673000	2014-02-18 00:00	SW6 2QP
490000	2014-01-16 00:00	SW18 4FY
95000	2014-01-24 00:00	SW15 5DH
470000	2014-02-25 00:00	SW18 1NL
1680000	2014-01-06 00:00	SW10 9PE
185000	2014-02-10 00:00	SW2 4JJ
342000	2014-01-06 00:00	SW3 2NS
160000	2014-02-07 00:00	SW16 6AY
1550000	2014-01-27 00:00	SW4 0DN
360000	2014-02-28 00:00	SW16 4PP
475000	2014-02-14 00:00	SW2 3DN
1095000	2014-03-14 00:00	SW14 8NJ
600000	2014-02-14 00:00	SW15 5DX
358000	2014-02-28 00:00	SW17 0QQ
420000	2014-01-13 00:00	SW15 2DL
525000	2014-01-31 00:00	SW17 7LQ
975000	2014-03-14 00:00	SW18 3EU
327000	2014-01-22 00:00	SW17 8TH
330000	2014-03-17 00:00	SW3 3TT
550000	2014-02-26 00:00	SW4 7QL
165000	2014-01-14 00:00	SW19 3AN
545000	2014-02-13 00:00	SW18 1QH
280000	2014-02-27 00:00	SW19 2EQ
499000	2014-02-17 00:00	SW17 7PH
760000	2014-03-28 00:00	SW11 1HD
208000	2014-01-27 00:00	SW17 9AH
385000	2014-01-31 00:00	SW4 0HF
695000	2014-01-10 00:00	SW6 5LB
542800	2014-03-21 00:00	SW15 3HZ
960000	2014-01-14 00:00	SW14 7DS
420000	2014-02-21 00:00	SW20 8HX
675000	2014-01-30 00:00	SW10 9EU
555000	2014-03-10 00:00	SW20 0BH
6180000	2014-01-03 00:00	SW3 6AF
825000	2014-01-07 00:00	SW3 5ND
1850000	2014-01-15 00:00	SW6 4AU
600000	2014-02-07 00:00	SW19 8TH
480000	2014-02-18 00:00	SW9 0LJ
602000	2014-02-17 00:00	SW19 7BE
310000	2014-01-24 00:00	SW17 8BJ
390000	2014-02-19 00:00	SW16 6BD
492000	2014-01-24 00:00	SW2 1LD
435499	2014-01-06 00:00	SW6 4JL
549950	2014-01-24 00:00	SW17 8RD
1200000	2014-02-21 00:00	SW1V 2DX
417000	2014-03-21 00:00	SW8 4PL
420000	2014-01-17 00:00	SW20 9NX
415000	2014-02-28 00:00	SW2 3NR
925000	2014-03-28 00:00	SW19 4QS
235000	2014-01-20 00:00	SW9 6BU
310000	2014-03-11 00:00	SW19 1NS
400000	2014-01-17 00:00	SW11 1RL
1415000	2014-02-27 00:00	SW1V 2NL
715000	2014-01-24 00:00	SW19 1PE
500000	2014-01-14 00:00	SW11 6RH
750000	2014-01-08 00:00	SW14 7BL
310000	2014-01-24 00:00	SW16 1HA
350000	2014-02-28 00:00	SW16 2XW
1600000	2014-03-07 00:00	SW1P 4AG
315000	2014-01-06 00:00	SW19 8EA
1750000	2014-02-24 00:00	SW11 1JJ
750000	2014-01-31 00:00	SW6 7UE
358000	2014-02-05 00:00	SW4 0PP
5900000	2014-02-07 00:00	SW10 9SB
220000	2014-01-27 00:00	SW19 6AF
1201050	2014-02-10 00:00	SW6 5EE
925000	2014-01-30 00:00	SW20 9BA
210000	2014-01-21 00:00	SW16 3QX
1230000	2014-03-04 00:00	SW12 8DG
490000	2014-01-29 00:00	SW19 4HS
4400000	2014-01-17 00:00	SW10 9QU
319950	2014-01-24 00:00	SW19 3TG
299950	2014-01-10 00:00	SW19 1UL
3137500	2014-01-20 00:00	SW3 6NU
669000	2014-02-07 00:00	SW7 4DB
232000	2014-01-30 00:00	SW19 3BU
530000	2014-01-31 00:00	SW11 5XJ
700000	2014-01-17 00:00	SW7 3BD
660000	2014-02-10 00:00	SW10 9EW
1700000	2014-03-24 00:00	SW6 3QP
235000	2014-01-07 00:00	SW20 0UE
300000	2014-02-06 00:00	SW8 2AD
735000	2014-03-05 00:00	SW12 8EN
385000	2014-01-31 00:00	SW17 8HF
430000	2014-01-15 00:00	SW2 2TZ
448000	2014-01-31 00:00	SW11 1HE
1795000	2014-01-17 00:00	SW5 9NA
2512500	2014-02-10 00:00	SW6 3SP
800000	2014-03-14 00:00	SW11 5QB
853500	2014-02-10 00:00	SW2 3TS
465000	2014-01-09 00:00	SW11 6PX
225000	2014-01-30 00:00	SW16 6DR
272500	2014-02-19 00:00	SW20 8DT
530000	2014-01-09 00:00	SW1V 2TG
450000	2014-01-31 00:00	SW16 5DE
781000	2014-01-24 00:00	SW11 1PG
780000	2014-01-15 00:00	SW5 9EE
325850	2014-02-28 00:00	SW15 5FN
515000	2014-01-24 00:00	SW18 3AF
500000	2014-01-30 00:00	SW14 8PU
2250000	2014-03-10 00:00	SW1Y 6HR
625000	2014-02-25 00:00	SW11 1HJ
385000	2014-01-27 00:00	SW2 4DL
465000	2014-02-27 00:00	SW2 4DD
795000	2014-01-06 00:00	SW19 8QA
565000	2014-01-17 00:00	SW19 8NX
312500	2014-02-14 00:00	SW2 1LS
1405000	2014-02-21 00:00	SW11 6PA
1265000	2014-01-20 00:00	SW11 5NT
795000	2014-02-20 00:00	SW18 3PN
229950	2014-02-07 00:00	SW16 2JG
595000	2014-01-06 00:00	SW13 0BF
495000	2014-01-23 00:00	SW16 3JP
485050	2014-02-25 00:00	SW20 8EF
425000	2014-01-31 00:00	SW11 5QR
520000	2014-01-31 00:00	SW12 9RE
1301002	2014-02-06 00:00	SW7 3BS
900000	2014-02-14 00:00	SW18 3BA
339000	2014-03-07 00:00	SW15 2RQ
440000	2014-01-30 00:00	SW19 3EP
566666	2014-01-15 00:00	SW11 2DT
315000	2014-01-16 00:00	SW17 7JP
834500	2014-02-12 00:00	SW19 8QB
1780000	2014-01-22 00:00	SW5 0AQ
1800000	2014-01-15 00:00	SW9 0AR
271392	2014-02-21 00:00	SW9 7PU
920000	2014-02-28 00:00	SW18 3AU
420000	2014-01-28 00:00	SW6 6AY
2220000	2014-02-11 00:00	SW6 3TD
420000	2014-01-31 00:00	SW10 0EH
230000	2014-02-28 00:00	SW15 6LD
1350000	2014-01-06 00:00	SW3 2LA
563186	2014-02-21 00:00	SW18 3RA
517600	2014-01-21 00:00	SW10 0PQ
485000	2014-01-04 00:00	SW12 8BP
430000	2014-03-18 00:00	SW16 2NU
270000	2014-01-20 00:00	SW8 2RW
476000	2014-02-21 00:00	SW20 9BT
325000	2014-02-28 00:00	SW17 8RL
599950	2014-01-29 00:00	SW2 2DR
277600	2014-03-07 00:00	SW16 2BH
565000	2014-01-17 00:00	SW17 7HR
290000	2014-01-24 00:00	SW6 4SL
330000	2014-01-27 00:00	SW16 3RW
225000	2014-01-16 00:00	SW2 3HY
296000	2014-01-06 00:00	SW16 5TJ
590000	2014-02-28 00:00	SW12 9JS
329950	2014-01-16 00:00	SW19 3TJ
325000	2014-01-29 00:00	SW6 6LE
395000	2014-02-14 00:00	SW15 4BE
430000	2014-01-06 00:00	SW4 9NJ
810000	2014-01-31 00:00	SW6 7UG
455999	2014-03-07 00:00	SW18 1RH
420000	2014-02-21 00:00	SW9 9BB
590000	2014-01-31 00:00	SW6 2RH
170000	2014-01-24 00:00	SW16 2DQ
278000	2014-01-14 00:00	SW16 4HB
750000	2014-01-22 00:00	SW6 5EA
1325000	2014-01-21 00:00	SW17 8RL
390000	2014-03-19 00:00	SW6 6BW
431000	2014-01-31 00:00	SW18 4GR
660000	2014-02-12 00:00	SW12 0HJ
1200000	2014-01-08 00:00	SW5 9DP
137500	2014-01-16 00:00	SW1W 8DE
310000	2014-01-30 00:00	SW15 3EL
510000	2014-01-13 00:00	SW5 0SQ
335000	2014-01-15 00:00	SW17 0EE
375000	2014-03-14 00:00	SW11 3LJ
835000	2014-02-07 00:00	SW18 2QL
550000	2014-01-07 00:00	SW11 1SJ
1450000	2014-01-17 00:00	SW19 7AQ
249950	2014-01-21 00:00	SW16 4SR
1470000	2014-02-07 00:00	SW18 1GN
680000	2014-01-10 00:00	SW2 3TU
580000	2014-02-28 00:00	SW15 6AD
265000	2014-03-03 00:00	SW18 3AG
375000	2014-01-31 00:00	SW19 6ES
195000	2014-01-17 00:00	SW2 3NH
242500	2014-01-30 00:00	SW19 2BL
550000	2014-02-14 00:00	SW4 7QL
353000	2014-02-07 00:00	SW19 8EF
650000	2014-03-14 00:00	SW15 3ET
560000	2014-02-07 00:00	SW17 9PX
640000	2014-01-17 00:00	SW18 1LP
500000	2014-01-31 00:00	SW12 9LA
770000	2014-01-08 00:00	SW19 5JA
740000	2014-01-10 00:00	SW16 5LL
240000	2014-02-28 00:00	SW19 2UP
840000	2014-01-10 00:00	SW18 1GN
430000	2014-01-31 00:00	SW8 4UU
660350	2014-03-04 00:00	SW12 9NS
5925000	2014-02-07 00:00	SW3 2RF
3870000	2014-02-28 00:00	SW6 6DT
470000	2014-03-12 00:00	SW16 1RF
440000	2014-02-21 00:00	SW6 4PA
500000	2014-01-30 00:00	SW11 2SS
1800000	2014-03-07 00:00	SW7 3DA
782354	2014-02-19 00:00	SW17 0EP
745000	2014-01-13 00:00	SW11 4SS
315000	2014-02-06 00:00	SW18 3SF
458000	2014-03-14 00:00	SW17 0AG
5700000	2014-03-18 00:00	SW1W 9ES
480000	2014-03-06 00:00	SW5 0HQ
2875000	2014-01-30 00:00	SW15 5QN
575000	2014-01-27 00:00	SW10 0EE
372000	2014-03-07 00:00	SW16 5NT
240000	2014-01-10 00:00	SW16 5HD
